bird02.pgm,46,24,101,255,111,88,128,41,79,255,49,82,255,7,10,255,29,97,255,39,102,255,110,78,255,38,94,255,86,78,128,106,91,128,19,3,255,22,66,255,89,58,255,31,20,128,11,27,128,111,83,255,11,52,255,12,4,255,95,88,255,73,41,255,74,80,255,60,33,255,54,31,255,79,79,255,69,81,255,44,27,255,49,29,255,38,26,255,101,90,255,31,15,255,41,88,255,9,22,255,10,34,255,9,46,128,90,82,255,29,10,255,18,62,255,15,58,255,85,53,255,82,49,255,69,38,255,78,45,255,29,72,255,102,70,255,98,67,255
bird04.pgm,35,81,67,255,110,28,255,90,56,255,31,11,255,86,32,255,8,17,128,88,49,255,85,55,255,103,24,128,43,5,128,66,47,255,6,6,255,82,10,255,105,32,255,15,19,255,71,46,255,26,10,255,23,32,255,41,41,255,17,4,255,68,5,255,74,7,255,37,8,255,92,32,255,98,34,255,28,36,255,33,38,255,48,43,255,54,45,255,20,27,255,3,13,128,86,60,255,91,16,255,98,22,255,87,13,255
bird07.pgm,52,30,112,255,66,97,255,54,112,255,56,46,255,41,41,255,18,39,128,20,27,128,35,110,128,110,96,255,28,83,255,95,112,255,18,68,255,99,115,255,35,32,255,114,108,255,14,19,255,83,99,255,18,5,255,38,90,255,65,53,255,70,57,255,24,78,255,89,80,255,90,106,255,92,84,255,50,44,255,23,5,255,48,116,255,106,115,255,15,57,255,16,62,255,74,97,255,113,100,255,61,101,255,19,32,255,59,107,255,35,27,255,35,22,255,15,46,255,34,17,255,42,117,128,111,112,255,79,67,255,76,63,255,30,10,255,84,74,255,45,97,255,38,37,255,60,49,255,104,91,255,34,87,255,98,87,255
bird09.pgm,38,53,98,255,37,85,255,11,23,255,45,93,255,65,51,255,18,4,255,109,69,255,85,60,255,92,59,128,12,6,255,23,9,255,27,20,255,38,90,128,111,64,128,64,89,255,17,59,255,29,27,255,58,47,255,77,81,255,71,55,255,60,95,255,79,59,255,101,58,255,91,76,255,96,75,255,26,14,255,10,46,128,14,55,255,20,65,255,23,70,255,26,74,255,42,38,255,47,41,255,38,35,255,34,32,255,40,96,255,52,44,255,71,84,255
bird10.pgm,40,91,83,255,85,90,255,4,44,255,77,90,255,86,78,128,46,78,128,56,81,128,90,25,255,24,66,255,13,60,255,81,85,255,102,6,255,77,80,255,106,35,128,112,27,128,69,81,255,30,50,128,62,81,255,31,73,255,103,44,255,109,13,255,97,64,255,88,6,255,38,46,255,85,31,255,50,42,255,69,36,255,21,45,255,81,93,255,77,34,255,57,39,255,36,76,255,88,14,255,100,52,255,5,57,255,98,58,255,112,20,255,90,20,128,109,31,255,94,69,255
bird13.pgm,43,41,116,255,29,113,255,57,96,128,32,109,255,55,114,255,110,92,128,47,114,255,19,6,255,42,94,255,43,106,255,114,80,255,17,76,255,10,51,255,26,81,128,65,61,128,37,87,255,37,107,255,10,56,128,13,19,255,15,9,255,40,46,255,40,101,255,87,69,255,71,63,255,76,65,255,81,67,255,93,71,255,102,74,255,31,84,255,60,92,255,87,92,255,16,34,255,37,27,255,114,87,255,13,42,255,53,102,255,11,68,255,17,25,255,33,11,255,47,51,255,52,54,255,59,58,255,108,77,255
bird15.pgm,44,118,117,128,61,102,255,59,121,128,34,120,255,23,36,255,19,16,128,50,122,128,75,76,255,21,52,255,48,107,128,21,60,255,24,21,255,61,108,255,34,5,255,24,4,255,85,85,255,32,84,255,111,104,255,45,119,128,102,115,255,66,103,255,74,105,255,84,107,255,107,117,255,112,118,255,22,67,255,42,18,255,24,73,255,48,39,255,44,28,255,22,41,255,40,13,255,24,28,255,58,55,255,42,95,255,27,78,255,70,70,255,53,49,255,63,61,255,92,91,255,96,94,255,106,101,255,16,10,255,42,115,255
bird16.pgm,33,29,83,255,49,80,255,12,16,255,29,8,255,105,62,255,14,24,255,106,73,255,74,71,128,110,65,255,39,34,255,31,16,128,11,43,255,34,27,255,99,56,255,69,48,255,57,43,255,110,70,255,13,56,255,80,52,255,59,76,255,64,75,255,95,70,255,101,72,255,54,78,255,82,69,255,23,4,255,35,82,255,26,68,255,62,45,255,32,21,255,11,37,128,18,63,255,15,3,128
bird17.pgm,37,107,58,255,33,85,255,41,77,255,14,18,255,103,53,255,50,39,128,13,54,128,77,68,255,17,3,255,93,52,128,41,82,255,111,65,128,76,50,255,44,36,255,35,28,255,40,33,255,28,6,255,84,69,255,60,76,255,90,71,255,36,75,255,55,41,255,60,43,255,67,46,255,88,52,255,13,32,255,12,37,255,14,26,255,32,21,255,31,13,255,97,73,255,9,7,255,103,74,128,17,60,255,25,68,255,71,70,255,30,72,255
bird18.pgm,35,11,18,255,28,86,255,30,77,255,103,82,255,110,76,255,33,91,255,24,5,255,27,10,255,11,61,255,45,82,255,16,68,255,58,47,255,57,79,255,78,77,255,68,76,255,25,91,255,95,82,255,50,81,255,89,80,255,78,59,255,83,61,255,95,64,255,29,19,255,31,26,255,8,41,255,8,52,255,9,31,128,10,25,128,34,31,255,39,35,255,21,72,255,71,55,255,66,52,255,52,43,255,47,40,255
bird19.pgm,29,41,74,255,108,70,255,4,12,255,72,66,255,74,48,128,13,16,128,55,40,128,8,9,255,23,64,255,30,10,255,14,4,255,24,4,255,49,37,255,67,45,255,81,66,255,87,68,255,93,70,255,35,72,255,59,73,255,13,34,255,13,48,255,14,29,255,33,23,255,100,71,128,81,49,128,88,50,128,17,57,255,43,34,255,27,67,255
bird20.pgm,38,104,77,255,3,13,255,37,77,255,94,80,128,34,20,255,84,76,255,42,67,255,8,14,255,48,75,255,14,20,128,36,14,128,34,9,255,11,25,255,11,41,255,110,73,255,89,57,255,45,84,255,20,4,255,102,63,255,41,27,255,19,50,255,65,67,255,94,59,255,54,65,255,59,66,255,43,72,255,26,3,128,26,56,255,84,54,255,79,51,255,74,48,255,70,45,255,65,42,255,59,38,255,51,33,255,16,7,255,31,59,255,78,72,255
Bone01.pgm,40,41,97,255,25,109,255,114,15,255,42,122,128,49,102,255,82,14,255,33,118,255,36,96,255,52,80,255,69,53,255,52,97,255,85,9,255,100,5,255,112,35,255,23,99,255,56,92,255,69,72,255,86,27,128,47,119,255,74,65,255,73,47,255,57,72,255,104,34,255,85,22,255,116,21,255,117,27,255,50,108,255,64,80,255,61,84,255,49,85,255,46,90,255,82,53,255,86,47,255,89,43,255,82,33,255,76,42,255,79,38,255,60,67,255,63,63,255,66,58,255
Bone02.pgm,37,41,97,255,25,109,255,114,15,255,42,122,128,82,14,255,33,118,255,36,96,255,61,88,255,78,61,255,52,80,255,69,53,255,100,5,255,112,35,255,85,9,255,23,99,255,86,27,128,47,119,255,81,56,255,73,69,255,73,47,255,57,72,255,54,100,255,104,34,255,85,22,255,116,21,255,117,27,255,64,84,255,78,40,255,49,85,255,65,60,255,46,90,255,58,93,255,85,50,255,88,45,255,81,35,255,70,74,255,61,66,255
Bone03.pgm,41,114,15,255,25,109,255,41,97,255,100,5,255,101,17,255,42,122,128,49,102,255,82,14,255,33,118,255,36,96,255,52,80,255,52,97,255,69,53,255,112,35,255,56,92,255,85,9,255,23,99,255,69,72,255,86,27,128,73,47,255,74,65,255,47,119,255,57,72,255,104,34,255,109,16,255,117,27,255,50,108,255,84,20,255,116,21,255,61,84,255,49,85,255,46,90,255,76,42,255,90,41,255,66,58,255,81,35,255,82,53,255,63,63,255,60,67,255,86,47,255,66,77,255
Bone04.pgm,36,88,5,255,25,109,255,114,15,255,112,35,255,23,99,255,42,122,128,49,102,255,33,118,255,36,96,255,88,17,255,69,53,255,54,94,255,52,80,255,47,119,255,100,5,255,115,31,255,69,72,255,57,72,255,75,63,255,57,90,255,84,30,255,104,34,255,50,108,255,117,24,255,49,85,255,60,85,255,46,90,255,83,52,255,86,47,255,75,44,255,89,43,255,79,38,255,61,66,255,65,60,255,79,57,255,66,77,255
Bone05.pgm,39,25,109,255,41,97,255,23,99,255,42,122,128,49,102,255,82,14,255,89,5,255,100,5,255,33,118,255,107,28,255,46,90,255,36,96,255,69,53,255,52,97,255,61,65,255,113,15,255,97,32,255,52,80,255,57,72,255,47,119,255,57,90,255,74,46,255,106,14,255,70,71,255,63,81,255,79,38,255,50,108,255,84,20,255,91,40,255,94,36,255,85,10,255,82,33,255,66,58,255,84,50,255,74,65,255,88,44,255,67,75,255,49,85,255,60,85,255
Bone06.pgm,42,41,97,255,114,15,255,42,122,128,49,102,255,82,14,255,26,115,255,36,96,255,52,80,255,52,97,255,69,53,255,23,99,255,85,9,255,112,35,255,56,92,255,100,5,255,69,72,255,86,27,128,73,47,255,57,72,255,74,65,255,47,119,255,104,34,255,31,118,255,37,120,255,24,105,255,50,108,255,25,110,255,85,22,255,116,21,255,117,27,255,46,90,255,81,35,255,88,44,255,84,50,255,66,58,255,63,63,255,76,42,255,60,67,255,91,40,255,66,77,255,61,84,255,49,85,255
Bone07.pgm,36,32,118,255,25,109,255,114,15,255,54,85,255,42,122,128,96,32,255,82,14,255,112,35,255,100,5,255,23,99,255,85,9,255,49,103,255,47,74,255,52,55,255,45,81,255,47,119,255,79,32,255,37,120,255,104,34,255,56,79,255,84,20,255,116,20,255,117,27,255,51,60,255,49,67,255,59,70,255,43,90,255,51,95,255,50,108,255,66,43,255,69,55,255,74,36,255,81,45,255,92,35,255,76,49,255,60,48,255
Bone08.pgm,42,80,67,255,25,109,255,114,15,255,49,102,255,41,97,128,42,122,128,82,14,255,89,72,255,33,118,255,36,96,255,112,35,255,85,9,255,23,99,255,100,5,255,60,94,255,70,74,255,54,88,255,94,47,128,95,38,255,47,119,255,46,94,255,71,86,255,77,82,255,104,34,255,85,37,255,84,20,255,116,21,255,117,27,255,84,42,255,93,52,255,82,53,255,92,57,255,81,58,255,91,62,255,90,67,255,50,108,255,50,91,255,58,84,255,63,80,255,83,77,255,74,71,255,66,89,255
Bone09.pgm,37,107,25,255,41,97,255,42,122,128,49,102,255,82,14,255,32,118,255,111,35,255,36,96,255,69,53,255,54,94,255,52,80,255,23,99,255,85,9,255,69,72,255,86,27,128,57,90,255,75,63,255,47,119,255,73,47,255,57,72,255,104,34,255,37,120,255,117,27,255,50,108,255,85,22,255,64,80,255,61,84,255,49,85,255,46,90,255,89,43,255,76,42,255,65,60,255,79,38,255,82,33,255,82,53,255,61,66,255,86,47,255
Bone10.pgm,40,75,24,255,25,109,255,41,97,255,114,15,255,23,99,255,42,122,128,49,102,255,33,118,255,36,96,255,52,80,255,69,53,255,111,36,255,52,97,255,56,92,255,100,5,255,69,72,255,57,72,255,73,47,255,47,119,255,74,65,255,101,38,255,116,21,255,117,27,255,50,108,255,80,25,128,82,53,255,80,17,255,66,77,255,61,84,255,49,85,255,46,90,255,86,47,255,89,43,255,76,42,255,79,38,255,82,33,255,63,63,255,77,60,255,60,67,255,66,58,255
Bone11.pgm,33,110,35,255,113,15,255,92,20,255,83,15,255,100,6,255,25,109,255,23,99,255,86,26,128,42,122,128,96,33,255,74,46,255,107,30,255,82,34,255,88,44,255,49,103,128,70,71,255,69,53,255,52,98,255,35,95,255,56,73,128,104,34,255,110,22,255,50,109,255,59,87,255,47,88,255,84,50,255,77,41,255,78,59,255,64,61,255,59,69,255,66,77,255,63,81,255,51,82,255
Bone12.pgm,31,39,97,255,34,104,255,111,15,255,94,32,255,99,5,255,84,27,255,70,67,255,41,110,255,78,36,255,48,83,255,48,100,255,67,72,255,51,79,255,99,33,255,29,106,255,109,20,255,69,50,255,48,108,255,52,95,255,106,25,255,42,92,255,83,48,255,80,53,255,65,57,255,62,61,255,59,66,255,91,36,255,63,78,255,60,82,255,45,88,255,75,41,255
brick03.pgm,29,102,49,255,83,13,255,4,29,255,94,53,255,32,7,255,101,36,255,51,48,255,90,15,128,32,46,128,19,5,128,84,51,128,26,5,128,79,48,128,61,11,128,28,43,255,106,31,255,65,45,128,13,20,255,4,40,255,109,26,255,109,19,255,42,11,255,74,46,255,10,42,255,23,41,255,14,10,255,45,48,128,96,15,128,37,9,255
brick04.pgm,21,6,33,255,13,6,255,78,7,128,81,43,255,60,11,255,73,7,255,107,16,255,89,43,128,84,11,128,36,7,255,102,28,255,34,38,255,31,4,255,73,39,255,103,11,255,28,34,255,23,4,255,58,39,255,65,10,255,42,40,255,63,37,128
brick05.pgm,27,109,21,255,71,6,255,102,45,255,31,5,255,102,29,255,4,29,255,95,47,255,58,8,255,76,42,128,27,40,128,51,45,128,88,49,128,76,7,128,106,26,255,35,8,255,11,22,255,40,47,128,39,11,255,81,45,255,81,8,255,26,4,255,47,10,255,89,13,255,62,42,255,57,43,255,16,16,255,32,43,255
brick08.pgm,24,109,23,128,72,37,255,108,18,128,100,33,255,30,37,255,4,24,255,12,17,255,56,37,255,33,7,128,66,37,128,8,20,255,13,8,255,101,42,255,29,4,255,83,9,255,25,32,255,77,41,255,68,10,255,97,45,255,83,45,255,44,10,255,76,9,255,39,9,255,46,38,128
brick09.pgm,29,31,6,255,29,48,255,79,11,255,4,46,255,108,25,255,102,39,255,97,54,255,48,11,255,23,5,255,96,20,255,12,46,128,77,50,128,66,11,128,45,52,128,15,22,255,109,30,255,4,32,255,64,48,255,83,14,255,36,12,255,36,51,255,41,12,255,72,48,255,53,50,255,88,55,255,83,53,255,16,15,255,14,10,128,8,28,255
brick10.pgm,32,105,11,255,4,25,255,14,6,255,67,34,255,109,19,255,14,35,128,47,9,128,40,39,128,96,13,255,17,14,255,75,34,255,62,7,255,68,7,255,75,7,255,52,37,255,100,30,128,38,12,128,90,15,128,84,39,255,95,42,255,32,35,255,79,37,255,26,4,255,89,42,255,11,19,255,33,8,255,85,11,255,54,8,255,58,36,255,47,38,255,21,33,128,27,33,128
brick14.pgm,33,4,26,255,100,33,255,10,37,128,109,18,128,13,6,128,89,45,128,106,25,128,17,35,128,61,39,255,91,16,255,38,10,255,87,13,255,7,32,255,15,16,255,41,41,255,52,11,255,59,11,255,99,13,255,73,9,255,80,9,128,98,44,128,45,11,255,64,11,128,67,37,128,50,41,128,56,39,128,76,40,255,83,44,255,14,11,128,9,22,255,30,4,255,27,35,255,36,39,255
brick15.pgm,35,17,4,255,25,39,255,63,8,128,53,9,128,105,47,128,40,11,255,49,49,255,4,30,255,35,6,255,84,49,128,44,49,128,18,40,128,58,9,128,70,8,128,12,22,255,14,15,128,102,37,128,4,37,255,76,44,255,29,42,255,109,24,255,101,51,255,85,12,255,8,27,255,78,9,255,35,46,255,30,4,255,57,46,255,104,15,255,48,11,255,12,41,255,90,51,255,63,45,255,14,10,128,106,30,255
brick16.pgm,28,37,11,255,73,38,128,65,9,128,103,46,255,92,46,255,101,33,255,58,41,255,71,9,255,86,45,255,49,13,255,105,15,128,17,36,128,34,41,128,64,39,255,76,9,255,97,14,128,27,39,255,109,22,128,14,16,128,4,29,255,34,7,255,81,43,255,81,11,255,88,15,255,55,12,255,21,5,128,40,41,128,52,41,128
brick17.pgm,30,106,13,255,101,37,255,7,40,255,24,39,128,4,30,255,43,11,255,58,44,255,74,44,128,98,14,128,47,47,128,31,44,128,54,10,128,42,49,128,52,46,128,7,26,255,69,7,255,103,47,255,108,20,255,109,26,255,78,6,255,34,7,255,36,47,255,87,49,255,66,43,255,28,4,255,62,9,255,4,35,255,13,10,255,81,46,255,106,30,255
brick18.pgm,27,4,23,255,14,16,255,101,28,255,85,13,255,102,10,255,107,13,255,37,37,128,15,4,255,94,42,255,80,9,255,102,38,255,46,8,255,81,41,255,56,35,128,73,35,128,41,8,255,68,35,128,22,31,128,31,34,255,105,23,255,30,4,255,61,7,255,15,33,255,68,6,255,35,6,255,95,12,255,14,9,255
brick20.pgm,27,104,8,255,102,39,128,109,16,255,16,17,255,6,32,255,5,24,255,55,8,255,15,5,255,44,9,255,85,42,255,50,37,128,60,8,128,94,42,128,84,11,255,98,10,255,36,5,255,12,20,255,105,22,255,28,4,255,91,12,255,24,32,255,29,34,255,34,36,255,55,36,255,72,36,255,65,7,128,79,40,255
camel04.pgm,64,55,73,255,38,61,255,22,90,255,98,59,255,55,5,128,95,32,128,71,24,255,32,85,255,22,41,255,17,4,255,92,68,255,55,93,255,4,25,255,104,57,255,61,101,255,69,98,255,92,99,255,62,92,255,45,17,255,36,18,255,95,19,255,95,87,255,96,26,255,60,78,255,77,93,128,68,13,128,54,104,128,29,4,128,104,72,128,12,37,255,67,91,255,77,8,255,111,63,128,68,63,128,36,78,255,61,6,255,83,68,255,25,47,255,109,70,255,101,97,255,20,97,255,5,16,255,26,99,255,100,85,255,39,87,255,37,24,255,108,51,255,80,72,255,99,74,255,94,79,255,74,80,255,41,82,255,61,83,255,68,18,255,74,14,255,46,12,255,102,91,255,57,88,128,23,3,128,109,56,128,99,37,255,103,49,255,104,44,255,32,54,255
camel06.pgm,83,106,77,255,35,39,255,82,46,255,47,107,128,24,27,255,52,52,255,56,126,255,102,98,128,48,10,128,39,84,128,46,134,128,103,103,128,103,91,128,74,91,255,73,117,255,39,98,255,85,127,255,52,31,255,92,129,255,50,129,255,66,26,255,53,10,255,88,28,255,60,134,255,35,78,255,111,82,255,35,45,255,79,100,255,94,27,255,33,62,255,48,46,128,107,99,128,103,81,128,27,37,255,91,113,128,56,22,128,59,105,128,103,86,255,80,40,128,102,42,128,91,104,128,58,97,255,101,31,255,38,10,255,33,73,255,74,26,255,49,93,255,28,24,255,43,104,255,68,96,255,32,20,255,113,90,255,55,137,255,84,135,255,50,137,255,44,95,255,52,115,255,47,115,255,85,33,255,80,33,255,63,113,255,97,113,255,109,72,255,119,96,255,32,67,255,106,61,255,104,55,255,65,101,255,58,47,255,85,102,255,48,36,255,77,105,255,60,35,255,83,107,255,62,118,255,89,118,255,57,121,255,102,48,128,34,51,128,74,112,128,38,107,255,32,95,255,35,91,255
camel07.pgm,64,23,37,255,84,110,128,27,70,255,110,89,255,100,33,255,83,20,255,65,78,128,38,9,128,80,78,128,47,113,128,79,13,255,49,88,255,13,39,255,25,6,255,13,23,255,59,115,255,8,35,255,59,25,255,60,98,255,91,114,255,52,41,255,21,12,128,88,105,128,9,28,128,106,82,128,43,87,128,74,79,128,100,112,255,112,82,255,22,42,128,32,76,255,51,107,255,87,94,255,90,14,255,60,36,255,70,12,255,32,5,255,51,100,255,37,15,255,37,28,255,46,40,255,22,51,255,111,53,255,23,56,255,25,61,255,114,62,255,113,74,255,105,75,255,62,82,255,83,83,255,102,85,255,85,89,255,102,92,255,88,99,255,60,103,255,60,108,255,50,94,128,53,117,128,106,20,128,107,45,255,16,19,255,101,38,255,35,81,255,40,35,255
camel08.pgm,73,76,46,255,45,102,255,114,80,255,25,32,255,56,99,128,51,50,255,75,86,255,78,94,255,44,116,255,50,29,255,43,111,255,50,19,128,98,45,128,20,42,255,11,28,255,101,111,255,29,89,255,80,109,255,104,118,255,105,90,255,62,92,255,29,4,255,51,12,255,118,76,255,57,104,255,80,41,128,93,96,128,47,9,128,71,35,255,87,98,255,23,7,255,105,51,255,68,86,128,95,120,255,18,56,128,85,109,128,100,106,128,19,47,128,114,64,255,52,106,255,78,120,255,60,115,255,58,40,255,19,14,255,75,112,255,70,114,255,14,22,255,62,35,255,90,31,255,18,31,255,75,41,255,49,41,255,97,40,255,19,70,255,81,36,255,108,82,255,50,35,255,103,95,255,101,101,255,82,102,255,40,106,255,58,109,255,70,121,255,50,124,128,89,120,128,18,64,128,23,37,255,108,55,255,111,60,255,26,85,255,39,121,255,31,114,255,36,111,255
camel12.pgm,68,15,9,255,98,66,255,73,93,255,55,64,255,53,90,255,104,92,255,34,13,255,17,32,128,3,15,128,45,93,128,83,86,255,10,21,255,28,60,255,107,59,255,24,97,255,95,87,255,35,96,255,104,83,255,19,4,255,46,35,255,73,88,255,78,14,255,52,12,255,105,78,255,101,46,255,100,86,255,39,74,128,96,73,128,102,55,128,66,64,255,31,17,255,64,11,255,108,68,128,57,79,128,17,26,255,88,71,255,91,81,255,33,64,255,32,30,255,103,69,255,86,13,255,8,9,255,39,36,255,25,91,255,96,30,255,67,16,255,50,17,255,91,18,255,30,23,255,93,23,255,49,28,255,98,36,255,100,41,255,19,42,255,21,47,255,34,69,255,55,69,255,109,73,255,34,74,255,50,77,255,38,83,255,58,86,255,89,86,255,30,97,128,33,80,128,73,63,128,88,77,128,24,54,255
camel13.pgm,55,68,21,255,110,68,255,19,98,255,33,16,255,31,87,128,86,3,128,72,99,128,45,83,255,10,74,255,74,8,255,6,56,255,32,27,255,43,19,128,22,3,128,32,103,128,58,76,128,62,6,255,44,99,255,76,103,128,88,103,128,3,25,128,32,33,128,5,42,128,6,49,128,100,72,128,71,73,255,96,24,255,92,8,255,103,34,255,98,82,255,36,12,255,45,12,255,23,102,255,51,77,255,82,76,255,39,101,255,80,4,255,65,74,255,19,80,255,24,82,255,52,5,255,66,13,255,110,57,255,96,89,255,4,20,255,8,68,255,100,77,255,71,16,255,40,28,255,108,45,255,109,52,128,94,18,128,100,29,255,37,33,255,10,14,255
camel14.pgm,70,85,76,255,72,79,255,41,18,255,17,18,255,18,34,255,38,13,255,40,119,128,112,87,128,43,101,255,117,61,255,71,106,255,36,91,255,116,115,255,109,69,255,25,78,255,24,5,255,50,117,255,32,5,255,33,117,128,70,16,128,71,113,128,100,27,128,16,64,128,113,64,128,86,24,255,84,97,255,114,109,255,105,72,128,16,57,128,79,89,128,54,109,128,47,106,128,108,83,255,79,103,255,96,23,255,17,12,255,34,101,255,60,21,255,58,26,255,11,25,255,108,101,255,110,115,255,53,32,255,28,112,255,105,47,255,117,52,255,87,84,255,65,80,255,107,62,255,102,92,255,15,50,255,52,100,255,103,42,255,103,105,255,16,39,255,102,37,255,36,110,255,45,27,255,44,22,255,99,87,255,111,49,128,21,73,255,31,107,255,76,108,255,77,21,255,106,110,255,75,98,255,110,93,255,95,84,255,28,122,255
camel15.pgm,68,80,94,255,26,40,255,110,79,255,53,16,255,21,76,128,56,35,128,118,103,128,42,95,128,32,116,128,59,120,128,81,120,128,22,43,255,76,120,255,96,120,255,18,22,255,25,85,255,50,11,255,13,41,255,73,114,255,56,29,255,115,88,255,118,96,255,18,71,128,95,36,128,24,19,255,74,25,128,80,28,255,84,36,128,56,108,128,56,97,128,115,66,128,115,76,128,45,104,128,109,98,128,81,103,128,22,81,255,96,98,255,109,52,255,60,38,255,44,124,255,32,92,255,36,95,255,38,113,255,31,11,255,88,41,255,38,5,255,48,5,255,39,121,255,55,123,255,111,92,255,53,41,255,112,57,255,19,65,255,71,94,255,96,110,255,49,124,128,100,38,255,58,115,128,66,93,128,56,45,255,99,93,255,104,43,255,107,83,255,78,109,255,23,49,255,103,88,255,63,32,255,67,28,255
camel16.pgm,62,66,15,128,73,98,255,24,71,255,34,39,128,32,4,255,16,25,255,101,73,255,92,57,255,79,99,128,111,78,128,76,72,255,28,8,255,102,94,255,106,58,255,107,99,255,95,62,255,12,31,255,19,59,255,36,34,255,50,80,255,11,47,255,104,83,255,102,36,255,10,37,255,24,66,128,3,20,128,74,3,128,84,83,128,39,18,128,99,31,255,41,91,255,95,27,255,110,67,128,92,66,128,102,42,128,102,47,255,40,61,128,40,70,128,111,73,128,109,87,128,54,5,255,78,92,255,69,8,255,69,61,255,79,4,255,6,15,255,15,55,255,18,12,255,108,94,255,45,21,255,47,15,255,84,11,255,43,83,255,80,86,255,104,53,255,49,86,128,61,7,255,34,65,255,87,19,255,99,67,255,50,9,255,30,68,255
camel17.pgm,75,37,35,255,72,124,255,65,96,255,57,40,255,94,91,255,86,33,128,45,77,255,36,65,255,113,77,255,68,107,255,58,48,128,42,133,128,59,31,128,112,98,255,31,36,255,80,102,255,76,99,255,55,7,255,101,133,255,31,127,255,23,19,255,107,98,255,38,75,255,99,128,255,19,29,255,114,131,255,51,100,255,110,54,255,48,131,128,27,16,128,91,97,128,65,51,128,75,43,255,24,33,255,51,81,128,60,23,128,32,43,128,118,82,128,120,89,128,106,91,128,76,105,128,111,107,128,113,122,128,73,95,255,106,85,255,106,42,255,37,9,255,53,114,255,103,109,255,34,135,255,33,15,255,100,37,255,112,114,255,119,73,255,85,94,255,98,96,255,118,68,255,114,61,255,100,102,255,108,49,255,33,49,255,59,105,255,69,112,255,85,114,255,106,116,255,75,118,128,78,39,255,37,124,255,51,122,128,56,90,255,56,110,255,71,47,255,118,94,255,53,94,255,111,83,255
camel19.pgm,67,113,68,128,109,90,255,47,97,128,88,119,255,54,45,255,87,86,255,19,49,255,24,16,255,125,93,255,60,99,128,125,105,255,92,35,255,62,37,255,50,52,255,71,95,255,39,84,255,31,79,255,88,42,255,46,104,255,7,30,255,13,23,255,47,16,255,116,90,255,5,46,255,116,64,255,111,57,255,91,97,255,119,71,255,43,32,255,104,113,128,65,97,128,53,122,128,75,28,128,69,31,255,120,103,255,58,121,255,36,7,255,115,76,128,115,83,128,107,101,128,128,100,128,48,10,128,105,43,255,26,72,255,82,31,255,80,89,255,108,52,255,89,91,255,17,20,255,41,5,255,30,12,255,96,121,255,107,96,255,120,81,255,111,80,255,25,63,255,26,57,255,27,52,255,60,105,255,44,49,255,105,106,255,59,110,255,59,115,255,5,35,255,121,89,255,43,90,255,75,91,255
camel20.pgm,66,46,118,255,72,113,255,89,78,255,47,36,128,73,77,255,110,81,255,85,111,255,107,55,255,75,28,255,17,30,128,104,111,255,49,82,255,24,9,255,51,14,255,75,87,255,20,55,255,9,24,255,75,94,255,25,38,255,43,6,128,116,77,128,36,9,128,79,112,128,70,15,255,87,13,128,112,63,255,112,69,128,29,81,128,95,99,128,48,94,128,89,88,128,111,58,128,51,29,255,93,15,255,46,100,255,106,36,255,104,76,255,99,22,255,47,19,255,18,11,255,61,13,255,56,80,255,38,117,255,66,78,255,80,19,255,54,20,255,73,20,255,109,43,255,22,45,255,110,48,255,103,64,255,21,66,255,108,66,255,92,82,255,105,84,255,28,86,255,27,93,255,86,95,255,28,102,255,74,103,255,94,104,255,27,107,255,45,30,128,94,93,128,102,28,255,24,73,255
car04.pgm,29,19,56,255,63,5,128,34,22,255,13,55,255,88,9,255,10,26,255,107,43,255,62,52,255,103,50,255,93,20,255,88,49,255,45,54,128,66,49,128,112,34,128,21,24,128,71,49,128,76,49,255,114,27,128,22,52,255,10,50,255,59,57,255,16,24,255,98,22,255,26,23,255,83,6,255,40,54,255,111,39,255,93,50,255,73,5,128
car05.pgm,27,53,16,255,33,50,255,54,56,255,10,49,255,112,41,255,66,49,255,24,50,255,14,52,255,79,48,255,64,5,255,84,48,255,112,32,128,58,6,255,8,44,255,105,45,255,100,52,255,55,11,255,90,18,255,50,52,255,41,17,255,40,51,128,27,22,255,104,20,255,82,6,255,60,55,255,114,24,255,74,48,128
car06.pgm,27,48,49,255,93,53,255,54,56,255,32,22,255,113,23,255,89,15,255,88,7,255,62,55,255,62,5,255,57,9,255,6,42,255,81,50,255,31,50,128,108,22,255,8,26,255,94,19,255,5,30,255,23,50,255,67,50,255,18,53,255,112,39,255,102,21,255,22,23,255,39,18,255,5,35,255,14,24,128,105,47,255
car08.pgm,26,49,52,255,106,20,255,93,20,128,8,48,255,87,7,255,39,20,255,52,58,255,105,50,255,55,8,255,93,52,255,8,43,255,68,6,255,10,26,255,116,27,128,7,38,255,43,16,255,60,5,255,19,55,255,33,22,255,23,52,255,14,55,255,16,23,255,114,36,255,90,16,255,54,14,128,113,23,255
car09.pgm,27,33,52,255,68,51,255,60,5,255,116,27,255,112,36,255,49,15,255,12,52,255,108,42,255,101,53,255,92,50,255,27,51,255,110,21,255,35,20,255,19,53,128,60,57,128,84,7,128,7,37,128,90,13,128,8,46,255,55,56,255,19,23,255,105,21,255,75,6,255,40,51,255,96,53,255,106,48,255,13,26,255
car10.pgm,27,108,44,255,39,20,255,56,13,255,90,11,255,22,58,255,94,53,255,51,54,255,10,55,255,63,5,255,112,37,255,73,5,255,68,5,128,6,32,255,6,37,255,69,53,255,99,55,255,56,59,255,58,6,255,81,7,255,25,24,255,43,17,255,16,26,255,86,8,255,9,50,255,97,22,255,105,50,255,10,29,255
car11.pgm,27,94,53,255,19,55,255,60,60,255,5,32,255,70,52,255,9,28,255,107,48,255,101,22,255,112,44,255,99,56,128,91,17,255,90,9,255,7,47,255,66,58,255,44,17,255,58,6,255,44,52,255,110,23,255,82,5,255,21,26,255,27,25,255,37,55,255,115,28,255,6,37,255,115,37,255,28,55,128,95,21,255
car12.pgm,33,105,46,255,27,54,255,93,50,255,34,54,128,42,54,128,54,17,255,5,34,255,116,32,255,91,12,128,61,61,255,100,56,255,68,52,255,12,53,255,91,17,255,31,23,128,7,46,255,116,27,128,56,59,255,110,44,255,55,12,255,60,5,255,95,21,255,112,22,255,15,57,255,13,26,255,44,17,255,49,17,255,65,5,255,84,6,255,23,24,255,88,51,255,113,37,255,103,21,128
car15.pgm,27,39,20,255,32,22,255,7,28,255,98,55,128,66,59,255,90,9,255,104,44,255,103,52,255,22,53,255,91,17,255,84,6,255,76,6,255,86,53,255,5,37,255,114,22,255,116,30,255,8,52,255,96,21,255,94,52,255,43,17,255,17,57,255,66,5,255,60,60,255,15,24,255,113,35,255,12,56,255,108,41,255
car18.pgm,32,54,50,255,53,18,255,71,50,255,116,24,255,10,55,255,38,18,128,33,21,255,20,56,255,97,21,255,10,26,255,109,43,255,5,30,255,92,16,255,88,7,128,27,53,128,105,50,255,42,14,255,99,53,128,117,30,128,66,57,255,56,12,255,6,36,255,114,38,255,60,6,255,49,53,255,93,49,255,21,24,255,75,5,255,82,6,255,28,23,255,8,47,255,103,22,128
car19.pgm,33,117,31,128,33,23,255,9,58,255,53,18,255,68,52,255,5,32,255,47,15,128,100,56,128,28,54,255,106,48,255,114,36,255,80,5,255,97,20,255,21,56,255,21,24,255,56,56,255,115,25,255,92,10,255,93,16,255,113,41,255,16,25,255,60,60,255,88,6,255,109,22,255,16,58,255,63,5,255,8,53,255,6,37,255,8,43,255,8,48,255,79,50,255,55,12,255,9,29,255
car20.pgm,33,90,9,255,69,50,255,32,54,255,24,54,255,19,54,255,41,19,128,113,41,255,90,49,255,53,50,255,9,55,255,5,31,255,106,45,255,117,32,255,106,23,255,91,15,255,105,51,255,55,57,255,95,54,255,77,8,255,45,16,255,61,59,255,10,27,255,65,56,255,99,22,255,85,9,255,61,5,255,101,54,255,66,5,255,15,25,255,72,6,255,7,47,255,56,10,255,6,38,255
children01.pgm,40,76,83,128,77,89,128,71,107,255,83,69,255,52,97,255,74,95,255,46,67,255,53,85,255,80,74,255,46,32,255,76,47,128,53,115,128,54,109,128,73,12,128,73,18,128,50,25,255,49,80,255,46,20,255,45,8,255,72,30,255,73,120,255,67,4,255,62,120,255,61,2,255,53,2,255,76,111,255,42,39,255,75,35,255,53,103,255,45,62,255,43,48,255,76,40,255,47,73,255,54,92,255,73,100,255,78,52,255,44,57,255,80,59,255,57,119,128,44,15,128
children02.pgm,36,71,29,128,78,52,255,53,86,255,44,16,255,46,71,255,79,78,255,73,99,128,53,116,128,73,22,128,54,110,128,50,26,128,75,36,128,76,83,128,71,107,255,76,90,255,50,3,255,69,5,255,81,73,255,72,120,255,61,2,255,76,111,255,61,120,255,53,105,255,47,76,255,82,67,255,43,48,255,79,57,255,76,41,255,42,38,255,45,65,255,53,92,255,52,97,255,45,33,255,73,11,128,44,10,128,47,21,255
children06.pgm,36,75,34,255,71,107,128,45,74,128,80,78,128,72,30,255,81,115,255,49,4,255,54,86,255,55,110,255,76,84,255,43,50,128,51,26,128,76,47,128,49,81,255,73,9,255,66,3,255,47,21,255,44,34,255,73,120,255,77,111,255,58,119,255,63,120,255,73,24,255,45,66,255,82,67,255,45,10,255,43,58,255,79,56,255,42,45,255,76,90,255,54,91,255,74,97,255,53,103,255,76,42,128,80,62,128,81,73,255
children07.pgm,34,72,108,255,51,25,128,80,78,128,76,83,128,54,86,255,74,15,255,52,97,255,46,74,255,74,23,128,72,30,128,46,32,255,77,43,128,83,70,128,66,3,255,73,9,255,74,120,255,76,111,255,49,4,255,62,120,255,55,108,255,45,10,255,45,17,255,75,35,255,42,38,255,42,45,255,43,52,255,43,57,255,80,58,255,45,65,255,49,80,255,76,91,255,54,92,255,74,98,255,53,102,255
children09.pgm,36,54,86,255,52,99,255,44,58,255,54,113,255,77,83,128,81,74,255,48,5,255,51,26,128,84,70,128,47,75,255,75,34,255,74,10,255,74,120,255,70,5,255,63,2,255,53,2,255,62,120,255,75,95,255,45,10,255,45,15,255,73,26,255,42,39,255,77,41,255,42,44,255,79,53,255,81,59,255,45,63,255,82,64,255,77,89,255,54,92,255,74,100,255,54,106,255,46,69,128,74,16,128,49,80,128,47,20,255
children10.pgm,38,82,116,128,80,76,128,54,86,255,77,82,255,44,50,255,54,113,255,42,39,255,49,22,255,52,98,128,77,88,128,74,18,128,79,52,255,84,71,255,50,29,255,54,2,255,63,2,255,78,112,255,76,119,255,62,120,255,45,11,255,74,99,255,54,105,255,74,10,255,77,41,255,76,36,255,81,59,255,45,60,255,46,65,255,83,65,255,47,71,255,73,30,255,48,76,255,50,81,255,74,24,255,46,18,255,54,92,255,75,94,255,70,5,255
children11.pgm,34,46,20,255,49,4,255,50,28,255,80,75,255,52,101,255,46,70,255,76,83,128,74,12,128,74,22,128,76,47,128,46,65,128,74,96,255,54,109,128,53,115,128,72,108,255,82,65,255,48,79,255,53,86,255,61,120,255,54,2,255,75,119,255,62,2,255,75,35,255,42,38,255,76,40,255,42,45,255,80,58,255,53,93,255,73,101,255,45,33,255,44,11,128,76,89,128,69,5,255,77,112,255
children12.pgm,38,82,116,128,74,94,128,53,85,255,73,8,255,77,82,255,54,117,255,80,78,255,44,50,255,52,101,255,84,70,255,82,64,128,48,5,255,45,13,128,54,110,255,72,29,128,44,55,128,72,108,255,50,28,255,46,19,255,74,120,255,63,2,255,61,120,255,53,2,255,80,56,255,77,48,255,47,73,255,76,38,255,76,89,255,54,91,255,73,101,255,45,60,255,49,80,255,74,13,128,52,96,128,74,22,128,49,23,255,44,35,255,68,4,255
children13.pgm,37,79,77,128,81,117,128,74,22,128,48,78,255,72,31,255,75,84,255,53,118,255,76,49,128,44,17,128,48,31,255,50,84,255,49,24,255,47,6,255,74,14,255,46,69,255,71,109,255,53,93,255,83,72,255,62,121,255,55,2,255,76,120,255,53,113,255,75,37,255,42,39,255,42,46,255,45,61,255,82,66,255,75,90,255,73,96,255,52,105,255,51,98,128,76,44,128,44,11,128,72,103,128,79,57,128,68,5,255,76,113,255
children14.pgm,39,54,88,128,80,79,128,81,117,255,75,84,255,50,29,255,44,51,255,52,95,128,83,73,255,74,22,128,44,56,128,44,14,128,54,111,128,73,99,128,72,30,128,46,20,255,53,117,255,42,39,255,71,109,255,50,4,255,77,113,255,61,121,255,76,120,255,58,2,255,75,36,255,77,50,255,79,55,255,81,61,255,46,62,255,83,66,255,47,75,255,49,81,255,75,89,255,52,104,255,46,33,255,65,3,128,74,11,128,49,24,255,46,8,255,70,6,255
children19.pgm,38,70,107,128,81,115,128,80,79,255,53,117,255,76,82,255,73,21,255,52,99,255,73,16,255,46,32,255,54,85,255,76,43,128,76,87,128,83,69,128,71,29,128,49,24,255,72,9,255,55,91,255,76,118,255,75,111,255,59,2,255,64,3,255,60,120,255,53,2,255,43,46,255,46,62,255,47,67,255,78,54,255,48,72,255,49,77,255,74,35,255,74,92,255,53,111,255,76,48,255,80,59,255,53,106,128,72,98,128,44,56,128,46,20,255
children20.pgm,39,81,115,128,53,117,255,76,82,255,83,70,255,76,43,255,46,66,255,73,98,255,81,64,128,44,17,128,73,22,128,71,29,128,44,51,128,54,86,255,49,25,255,80,78,255,76,118,255,64,3,255,77,112,255,48,30,255,52,2,255,59,2,255,61,120,255,53,112,255,78,53,255,44,56,255,45,61,255,42,46,255,42,39,255,74,35,255,47,71,255,48,76,255,75,90,255,54,92,255,52,97,255,53,104,255,72,10,255,76,48,255,46,6,255,51,82,255
classic01.pgm,21,22,14,255,44,8,255,3,36,255,106,35,255,23,43,255,19,19,255,11,44,255,36,47,255,57,5,255,50,6,128,36,16,255,31,16,128,76,44,255,47,39,255,90,46,255,95,46,255,75,3,128,62,4,128,103,11,128,95,3,128,29,48,128
classic02.pgm,24,22,37,128,16,17,255,82,36,255,47,5,128,40,36,255,43,12,255,106,23,255,19,13,255,11,20,255,18,40,128,12,40,128,59,35,255,83,3,255,29,13,128,93,42,128,87,40,255,34,41,255,93,5,255,57,4,255,28,41,255,7,35,255,98,10,255,68,3,128,77,40,128
classic03.pgm,19,16,17,255,47,5,128,40,36,255,43,12,255,107,24,255,11,20,255,20,13,128,107,34,128,82,3,128,93,42,128,91,4,255,58,4,255,13,40,255,28,41,255,34,41,255,98,10,255,57,35,128,68,3,128,73,40,128
classic04.pgm,24,44,15,255,11,21,255,11,48,255,16,20,255,74,44,255,86,41,255,39,43,255,80,45,255,4,35,255,31,51,128,44,40,128,58,41,255,109,11,128,109,26,128,92,45,255,105,43,255,25,50,255,55,4,255,100,47,255,49,5,255,4,41,255,110,33,255,98,3,128,68,3,128
classic08.pgm,18,17,11,255,104,18,255,46,12,255,81,38,255,96,41,128,93,3,128,52,35,128,42,6,128,109,20,255,111,26,255,110,32,255,26,39,255,102,36,255,31,35,255,18,40,255,89,40,255,52,4,128,9,36,255
classic10.pgm,28,16,101,255,35,93,255,63,58,255,89,22,255,14,80,255,16,93,255,91,29,128,67,7,255,91,35,255,47,77,255,14,85,255,84,47,255,38,33,128,73,57,128,22,101,128,68,58,128,48,22,255,53,17,255,58,63,255,48,84,128,28,46,255,30,101,255,90,43,128,56,13,255,76,52,255,40,93,128,31,42,255,71,11,255
classic12.pgm,24,44,15,255,90,40,255,110,36,255,45,6,255,6,26,128,5,33,128,100,6,255,101,19,255,18,16,255,36,15,255,24,47,128,78,40,128,41,40,255,28,15,128,7,41,255,105,39,255,101,44,255,106,21,255,84,41,255,95,44,255,109,25,255,51,4,128,50,40,128,61,3,128
classic13.pgm,21,45,8,255,86,41,255,106,5,255,44,16,255,19,20,255,9,30,255,14,23,255,42,41,255,67,39,128,38,16,128,10,44,255,67,4,255,75,45,255,50,6,255,47,40,255,106,11,255,92,47,255,55,39,128,77,3,128,97,3,128,34,49,128
classic15.pgm,20,109,25,255,105,36,255,7,26,255,45,9,255,39,40,255,36,47,255,102,6,255,99,43,128,31,50,128,9,41,255,104,18,128,48,40,255,92,42,255,12,22,255,49,5,255,95,4,255,61,40,128,33,16,128,65,3,128,87,3,128
classic16.pgm,21,5,37,255,35,39,255,9,25,255,81,39,255,106,23,128,115,37,255,7,31,255,11,41,255,21,15,128,80,4,128,73,4,255,75,39,128,27,46,128,113,22,255,99,8,255,21,45,255,13,21,255,100,17,255,98,44,255,115,27,255,107,43,255
classic19.pgm,26,15,20,255,4,26,255,18,39,128,35,37,255,108,6,255,18,16,255,9,21,255,74,37,255,29,44,128,92,36,128,68,3,128,63,3,128,11,42,128,31,16,128,80,39,128,100,41,128,108,18,128,108,12,128,3,33,128,106,37,255,54,4,255,102,4,255,87,36,255,110,23,255,82,3,128,6,39,255
classic20.pgm,25,22,14,255,103,18,255,3,32,255,44,8,255,106,35,255,43,15,255,102,38,255,23,43,255,19,19,255,36,47,255,57,5,255,50,6,128,28,16,128,33,16,255,96,46,255,9,42,255,65,4,255,73,44,255,48,39,255,90,46,255,76,3,128,103,12,128,16,45,128,96,3,128,29,48,128
elephant01.pgm,62,107,91,255,15,52,255,30,88,255,34,74,255,19,46,255,82,88,255,4,84,255,71,78,255,39,43,255,47,3,128,62,74,128,77,21,255,27,57,255,60,92,255,37,96,255,53,8,255,71,102,255,34,65,255,94,93,255,94,103,255,45,86,255,63,11,128,10,87,128,82,21,128,27,24,255,101,33,255,40,92,255,111,54,128,28,82,128,91,110,255,32,12,255,107,42,255,108,67,255,12,75,255,105,81,255,69,84,255,83,102,255,38,6,255,11,49,255,66,100,255,74,17,255,58,10,255,57,77,255,21,72,255,14,68,255,109,47,255,98,79,255,29,19,255,84,97,255,17,57,255,35,59,255,111,61,128,18,78,255,78,93,255,17,39,255,14,84,255,104,37,255,74,98,255,12,44,255,31,54,255,93,26,255,68,14,255
elephant02.pgm,45,83,62,255,30,43,255,62,10,255,104,79,255,80,81,255,111,66,128,78,87,255,31,7,255,82,70,255,108,50,255,26,17,128,56,5,128,41,4,128,58,60,128,95,19,255,12,48,255,101,27,255,90,75,128,108,40,128,32,76,255,106,33,255,64,68,255,86,14,255,68,12,255,25,22,255,23,30,255,21,36,255,38,44,255,38,54,255,37,59,255,36,64,255,77,65,255,34,70,255,91,70,255,104,71,255,45,73,255,95,73,255,81,75,255,50,3,128,65,76,128,50,64,255,18,42,255,98,23,255,10,54,255,18,48,255
elephant05.pgm,52,53,56,128,8,27,255,111,57,255,83,58,255,70,73,255,4,32,255,86,74,255,55,78,128,89,69,255,38,69,255,79,73,255,37,9,255,43,10,255,39,63,255,57,5,128,26,19,128,67,80,255,10,47,255,16,47,255,73,61,255,82,64,128,68,62,128,4,45,128,97,75,255,8,52,255,34,41,255,108,51,255,91,13,255,28,13,255,76,4,255,101,29,255,10,33,255,19,36,255,10,38,255,5,40,255,18,42,255,41,49,255,97,54,255,97,59,255,56,61,255,50,62,255,88,64,255,99,65,255,48,67,255,63,3,128,57,67,128,103,34,128,48,10,128,24,25,128,24,49,255,87,10,255,82,7,255
elephant06.pgm,58,74,53,255,16,53,255,86,56,255,54,54,255,75,72,255,89,73,255,85,70,128,92,67,128,10,45,255,52,5,255,16,45,255,9,27,255,102,72,255,60,73,255,6,31,255,59,80,255,100,55,255,74,6,255,65,5,128,69,79,255,108,46,128,41,58,128,4,42,128,93,12,255,23,26,255,47,73,255,20,32,255,39,67,255,35,40,255,6,49,255,80,8,255,45,4,255,87,10,255,97,75,255,38,76,255,43,76,255,106,32,255,104,26,255,58,59,255,52,60,255,101,60,255,59,64,255,50,65,255,70,66,255,25,21,255,70,71,255,107,37,255,5,37,255,42,47,255,102,47,255,10,36,255,75,65,128,75,60,128,37,5,128,103,66,128,24,48,255,29,11,255,99,17,255
elephant09.pgm,52,56,88,255,4,67,255,21,47,255,10,64,255,53,63,255,89,68,255,74,86,255,104,57,255,32,39,255,53,6,255,66,83,255,85,86,255,63,70,255,62,63,255,17,71,255,43,82,255,108,30,255,71,9,255,61,86,255,22,5,128,69,58,128,66,8,128,98,83,128,17,55,128,108,36,128,109,43,128,108,52,128,16,14,255,16,85,255,98,17,255,25,41,255,27,4,255,10,84,255,42,75,255,64,75,255,78,65,255,101,65,255,76,79,255,10,35,255,12,28,255,13,21,255,9,40,128,40,57,128,77,70,128,11,72,128,11,78,128,17,79,128,43,3,128,102,20,255,9,59,128,105,24,255,91,13,255
elephant10.pgm,55,87,75,128,106,72,255,100,48,255,50,71,255,33,54,255,65,70,255,15,57,255,56,94,255,76,72,255,101,91,255,61,8,255,83,94,255,19,19,255,6,61,255,19,89,255,97,66,255,92,89,255,17,25,255,16,38,255,72,6,255,16,72,255,76,82,255,42,3,128,91,18,255,50,76,128,17,31,128,76,77,128,106,62,255,98,29,255,77,7,255,84,11,255,29,61,255,32,5,255,34,68,255,106,67,255,97,56,255,13,49,255,36,74,255,98,74,255,103,44,255,101,38,255,37,79,255,23,80,255,85,80,255,100,80,255,64,84,255,91,84,255,67,8,255,15,44,255,64,77,255,38,85,128,27,8,255,54,3,128,22,15,255,95,24,255
elephant12.pgm,56,25,37,255,11,19,255,40,24,255,91,67,255,67,9,255,124,48,255,100,88,255,125,63,255,122,79,128,72,66,255,7,14,255,46,35,255,44,29,255,38,90,255,78,86,255,21,9,255,106,90,255,101,16,255,47,71,255,119,31,255,125,43,255,13,33,255,79,8,255,54,84,255,101,78,255,51,90,255,78,75,255,58,75,255,75,93,255,40,85,255,91,91,255,31,24,255,48,52,255,18,34,128,12,28,255,89,74,255,119,66,128,121,58,255,84,12,255,109,20,255,41,9,255,6,29,255,21,23,255,13,11,255,57,5,255,96,14,255,28,10,255,123,38,255,99,73,255,120,74,255,45,76,255,90,83,255,48,63,255,49,57,255,48,40,128,113,24,255
elephant13.pgm,57,3,57,128,15,54,255,110,67,255,75,71,255,77,58,255,54,82,255,96,81,255,90,64,255,43,70,255,97,75,128,85,79,255,29,76,255,106,80,255,40,80,255,34,82,255,28,58,255,66,58,255,66,9,255,55,72,255,108,25,128,75,78,128,22,10,128,40,3,128,74,7,128,49,3,128,101,17,255,30,52,255,108,30,128,18,19,128,18,24,128,108,35,255,109,45,128,28,63,128,27,70,128,13,44,255,25,81,255,34,47,255,93,12,255,86,9,255,80,8,255,80,79,255,28,5,255,46,83,255,19,68,255,77,65,255,33,65,255,34,60,255,57,67,255,15,35,255,36,53,255,87,73,255,108,73,255,16,30,255,34,3,128,59,62,255,95,70,255,10,49,255
elephant14.pgm,48,88,61,255,105,38,255,37,42,255,58,83,255,11,50,255,61,78,255,29,15,255,48,78,255,71,83,255,98,80,255,85,74,128,38,9,128,17,49,255,97,15,255,103,78,255,41,61,255,11,37,128,86,69,128,4,47,128,6,35,255,40,71,255,18,55,255,10,55,255,63,4,255,79,4,255,43,10,255,51,10,255,81,77,255,39,81,255,6,40,255,104,69,255,75,70,255,20,38,255,50,72,255,103,54,255,24,28,255,26,22,255,43,51,255,19,44,255,102,61,255,59,64,255,52,66,255,68,3,128,60,72,128,22,51,255,100,19,255,92,11,255,57,7,255
elephant15.pgm,62,8,29,255,111,50,255,41,45,255,70,63,255,100,86,255,59,87,255,4,34,255,56,93,255,33,88,255,28,13,255,88,87,255,11,54,255,58,78,255,69,87,255,40,63,255,9,46,255,43,90,128,84,9,128,67,3,255,63,96,128,93,15,255,101,81,255,4,51,128,90,79,128,103,50,128,42,52,128,52,7,255,17,60,255,82,72,255,68,94,255,38,81,255,39,7,255,78,6,255,73,4,255,58,4,255,95,89,255,26,18,255,100,26,255,102,31,255,10,35,255,21,35,255,104,36,255,6,40,255,19,40,255,18,49,255,100,55,255,99,60,255,98,66,255,51,71,255,99,71,255,89,73,255,49,76,255,48,81,255,57,73,128,24,25,128,39,71,128,32,9,255,7,58,255,36,45,128,77,79,255,96,19,255,21,56,255
elephant16.pgm,61,69,62,255,58,60,255,6,25,255,62,92,255,64,84,128,96,76,128,67,14,255,93,86,255,23,88,255,27,4,255,109,86,255,45,91,255,48,82,255,57,10,255,17,49,128,41,3,128,61,74,128,9,54,128,32,90,128,70,87,128,102,88,128,77,18,255,34,3,128,46,8,255,91,25,255,34,43,128,16,18,128,34,49,128,103,46,128,41,85,128,42,74,255,84,20,255,26,80,255,13,57,255,25,36,255,106,68,255,37,89,255,63,61,255,92,73,255,62,11,255,12,45,255,33,56,255,31,62,255,59,66,255,29,68,255,68,68,255,67,73,255,81,73,255,66,78,255,80,78,255,40,79,255,110,79,255,103,41,128,71,18,128,50,94,128,102,62,255,10,62,255,5,60,255,18,13,255,20,41,255,100,35,255
elephant20.pgm,46,41,62,255,90,77,128,88,61,255,105,38,255,37,42,255,58,83,255,11,50,255,29,15,255,61,78,255,71,83,255,94,80,255,85,74,128,38,9,128,97,15,255,17,49,255,4,47,128,103,78,255,11,37,128,18,55,255,6,35,255,63,4,255,10,55,255,32,11,255,79,4,255,43,10,255,81,77,255,46,63,255,51,10,255,6,40,255,102,57,255,20,38,255,102,62,255,24,28,255,59,64,255,76,67,255,104,69,255,26,22,255,19,44,255,43,51,255,41,57,128,60,72,128,68,3,128,100,19,255,22,51,255,91,10,255,57,7,255
emdindex.csv,46,41,62,255,90,77,128,88,61,255,105,38,255,37,42,255,58,83,255,11,50,255,29,15,255,61,78,255,71,83,255,94,80,255,85,74,128,38,9,128,97,15,255,17,49,255,4,47,128,103,78,255,11,37,128,18,55,255,6,35,255,63,4,255,10,55,255,32,11,255,79,4,255,43,10,255,81,77,255,46,63,255,51,10,255,6,40,255,102,57,255,20,38,255,102,62,255,24,28,255,59,64,255,76,67,255,104,69,255,26,22,255,19,44,255,43,51,255,41,57,128,60,72,128,68,3,128,100,19,255,22,51,255,91,10,255,57,7,255
face01.pgm,31,24,60,255,88,53,255,54,125,255,87,77,255,86,25,255,41,116,255,31,94,255,87,43,255,78,107,255,29,89,255,25,29,255,75,111,255,35,99,128,90,68,128,22,75,255,80,92,255,83,19,255,35,108,255,28,83,255,43,8,255,60,124,255,60,6,255,48,6,255,79,101,255,19,66,255,83,86,255,87,48,128,72,115,255,29,22,255,25,79,255,67,120,255
face02.pgm,31,86,22,128,91,57,128,35,100,128,54,127,255,28,84,255,84,80,255,24,33,255,41,118,255,78,109,255,29,91,255,90,67,255,87,32,128,87,46,128,35,110,255,56,6,255,31,16,255,80,94,255,26,24,255,62,8,255,60,126,255,46,5,255,20,70,255,89,75,255,22,76,255,90,62,255,79,103,255,83,87,255,73,116,255,83,15,255,50,124,255,67,122,255
face03.pgm,33,84,78,255,67,11,255,32,16,255,36,98,128,86,19,255,38,10,255,91,55,255,30,82,255,80,94,255,73,9,128,87,40,255,87,30,128,79,10,255,23,73,255,18,65,255,27,24,255,18,60,255,24,37,255,55,124,255,44,6,255,33,93,255,54,5,255,60,7,255,90,69,255,89,74,255,79,104,255,83,86,255,36,106,255,39,111,255,76,110,255,83,15,255,73,114,255,68,119,255
face04.pgm,31,77,9,255,86,35,128,91,53,255,80,89,255,31,18,255,78,105,255,68,117,255,87,44,128,87,26,128,72,113,255,56,122,128,79,100,128,36,102,128,18,62,128,24,38,128,36,96,255,91,63,255,61,121,255,54,5,255,47,5,255,26,30,255,83,83,255,31,88,255,27,25,255,89,69,255,60,7,255,71,9,255,39,109,255,83,15,255,26,76,255,22,69,255
face05.pgm,30,25,56,255,66,11,255,77,9,255,86,34,255,31,88,255,24,37,255,18,63,255,66,113,255,87,44,128,75,106,255,56,119,128,37,101,255,36,95,255,90,65,255,44,6,255,62,117,255,46,109,255,57,6,255,82,85,255,71,9,255,85,19,255,27,25,255,26,30,255,92,55,255,80,90,255,79,100,255,51,115,255,24,72,255,21,67,255,42,106,255
face06.pgm,31,25,56,255,66,11,255,77,9,255,31,88,255,24,37,255,18,63,255,66,113,255,88,24,255,75,106,255,56,119,128,90,65,255,37,101,255,90,51,255,36,95,255,62,117,255,44,6,255,46,109,255,54,5,255,82,85,255,71,9,255,27,25,255,26,30,255,89,30,255,92,56,255,80,90,255,79,100,255,60,7,128,83,15,255,23,70,255,51,115,255,42,106,255
face07.pgm,33,66,11,255,77,9,255,18,63,255,24,37,255,66,113,255,88,24,255,29,81,128,75,106,255,56,119,128,32,90,255,37,101,255,23,48,255,90,51,255,21,56,255,90,65,255,36,95,255,62,117,255,44,6,255,48,111,255,57,6,255,71,9,255,82,85,255,79,100,255,80,90,255,27,25,255,26,30,255,89,30,255,92,56,255,21,67,255,26,75,255,83,15,255,51,115,255,42,106,255
face08.pgm,34,85,45,255,72,10,255,21,54,255,31,93,255,40,9,255,78,91,128,54,123,255,23,32,255,32,18,255,45,117,255,28,84,255,78,101,128,83,81,255,77,13,255,22,37,128,22,46,128,34,100,128,66,118,255,91,65,255,82,20,255,35,108,255,26,26,255,64,9,255,75,108,128,55,5,255,59,122,255,45,7,255,50,5,255,20,71,255,87,76,255,84,26,255,88,71,255,18,63,255,29,22,255
face09.pgm,36,24,60,255,88,53,255,29,84,128,54,125,255,87,77,255,86,26,255,41,116,255,31,94,255,78,107,255,75,111,255,90,67,255,87,41,128,35,99,128,22,54,255,22,75,255,27,19,255,80,92,255,35,108,255,83,19,255,60,124,255,38,8,255,60,6,255,44,6,255,20,69,255,90,61,255,25,24,255,79,101,255,83,86,255,29,89,255,87,48,128,25,79,255,32,13,255,72,115,255,46,119,255,67,120,255,50,122,255
face10.pgm,36,88,53,255,22,55,255,29,84,128,66,10,255,54,125,255,87,77,255,86,26,255,41,116,255,31,94,255,78,107,255,75,111,255,87,41,128,35,99,128,90,68,128,35,108,255,80,92,255,22,75,255,83,19,255,27,19,255,18,59,255,38,8,255,60,124,255,60,6,255,44,6,255,25,25,255,19,66,255,83,86,255,29,89,255,79,102,255,87,48,128,25,79,255,31,14,255,72,115,255,46,119,255,67,120,255,50,122,255
face11.pgm,36,73,10,255,31,94,255,54,124,255,84,78,255,28,81,255,22,75,255,91,53,255,86,28,255,33,11,255,87,50,255,86,38,255,78,103,128,90,66,128,22,37,128,45,118,255,79,91,255,60,6,255,82,19,255,26,20,255,18,59,255,88,73,255,29,89,255,35,109,255,64,9,255,79,15,255,55,5,255,59,123,255,42,6,255,49,5,255,91,59,255,18,64,255,82,85,255,78,97,128,73,112,255,30,15,255,66,119,255
face12.pgm,36,31,94,255,67,10,128,75,9,128,54,124,255,88,51,255,28,81,255,84,78,255,22,75,255,33,11,255,22,37,128,78,103,128,90,69,128,45,118,255,29,89,255,60,6,255,26,20,255,18,59,255,79,91,255,35,109,255,40,7,255,59,123,255,49,5,255,54,5,255,82,85,255,88,29,255,88,37,255,87,23,255,91,59,255,18,64,255,87,45,128,78,97,128,73,112,255,30,15,255,83,16,255,79,12,255,66,119,255
fork01.pgm,32,37,22,255,4,36,255,41,28,255,35,15,255,111,27,128,23,9,128,40,14,255,12,26,255,86,20,255,21,23,255,25,27,255,13,8,128,15,17,255,29,23,128,38,32,255,30,33,255,30,11,255,47,15,255,27,15,255,29,6,255,78,29,255,21,14,255,80,19,255,91,21,255,56,29,255,64,29,255,17,33,128,102,30,128,24,4,128,66,17,128,99,23,128,29,38,128
fork02.pgm,26,34,25,255,6,38,255,6,12,255,28,15,255,48,31,255,19,33,255,7,3,128,17,39,255,36,34,255,28,7,255,47,20,255,19,4,255,10,17,255,21,19,255,24,23,255,59,23,255,64,24,255,88,26,255,30,38,255,72,32,128,15,26,128,75,25,128,29,24,128,106,27,128,33,10,255,40,16,255
fork03.pgm,44,35,33,255,33,38,255,36,28,255,39,15,128,25,43,128,43,10,255,24,11,255,70,33,255,18,42,128,88,34,128,9,43,128,30,7,128,105,37,255,12,29,255,38,9,255,14,22,255,21,23,255,29,25,255,47,27,255,17,31,255,61,31,255,22,32,255,13,34,255,42,34,255,94,34,255,53,36,255,26,37,255,58,37,255,69,40,255,88,46,255,13,47,255,98,47,255,105,47,255,55,29,255,76,42,255,44,17,255,26,20,255,17,6,255,83,44,255,11,17,128,38,39,128,20,18,128,30,33,128,11,5,128
fork04.pgm,37,28,31,128,6,9,255,30,15,128,5,18,255,4,30,255,37,14,255,109,37,255,110,29,255,25,38,255,25,4,255,25,16,255,34,33,255,30,37,255,30,4,255,21,12,255,54,17,255,10,19,255,60,19,255,15,20,255,73,22,255,42,25,255,100,25,255,51,27,255,56,28,255,64,30,255,69,31,255,74,32,255,80,34,255,16,36,255,89,36,255,94,37,255,100,38,255,105,26,255,49,15,255,91,24,128,18,3,128,35,8,255
fork05.pgm,31,44,27,255,109,37,255,44,32,255,110,32,255,18,40,255,25,39,128,12,40,128,10,3,255,15,53,255,29,7,255,29,12,255,41,18,255,27,46,255,22,4,255,24,9,255,23,21,255,34,23,255,17,24,255,26,26,255,74,30,255,97,32,255,66,33,255,22,52,255,86,36,128,18,48,128,20,35,128,58,32,128,25,34,128,37,44,255,35,12,255,32,48,255
fork07.pgm,38,5,16,255,35,10,255,38,33,255,5,28,255,40,6,255,33,22,255,5,7,255,33,28,255,36,43,255,31,39,255,71,37,128,106,37,255,5,39,255,63,35,255,82,14,255,45,33,255,79,38,255,23,21,255,73,13,128,35,5,128,67,13,128,16,20,128,16,27,128,50,15,128,111,27,128,106,22,255,97,18,255,23,4,255,17,32,255,98,39,255,86,39,255,18,8,128,26,9,128,55,14,128,26,16,128,11,20,128,54,34,128,18,3,128
fork09.pgm,42,41,49,255,12,6,255,41,34,255,31,41,255,14,32,255,36,39,255,30,15,255,109,53,255,45,42,255,33,50,255,64,48,128,84,54,128,19,26,255,24,15,255,20,39,255,20,54,255,16,22,255,55,34,255,29,33,255,59,46,255,38,20,255,42,23,255,102,51,255,50,43,255,75,44,255,29,47,255,85,47,255,24,49,255,91,49,255,96,50,255,74,51,255,13,53,255,89,55,255,94,56,255,102,58,255,10,58,255,24,25,255,18,5,255,32,21,255,19,34,255,24,30,255,18,10,255
fork10.pgm,44,38,29,255,45,22,255,4,45,255,13,30,255,108,47,255,110,41,255,38,9,255,30,4,255,33,31,255,17,3,128,20,42,128,8,41,128,16,46,255,28,44,128,24,21,128,24,33,128,17,33,128,37,44,255,35,15,128,103,38,255,24,14,255,30,19,255,35,24,255,57,25,255,27,26,255,66,27,255,56,31,255,29,34,255,73,36,255,98,36,255,78,38,255,83,39,255,95,43,255,101,45,255,40,39,255,88,41,255,51,30,255,81,31,255,62,33,255,41,34,255,67,34,255,91,34,255,23,3,128,43,9,255
fork14.pgm,32,5,15,128,8,5,128,4,33,255,4,26,255,29,31,255,38,16,255,111,34,128,31,16,255,26,36,255,32,25,255,77,33,255,32,11,255,43,16,128,93,27,255,90,36,255,70,31,255,51,18,255,71,24,255,47,25,255,76,25,255,65,30,255,82,34,255,107,37,255,57,20,255,63,22,255,57,28,255,101,28,255,34,31,255,106,29,255,24,16,128,98,37,128,52,26,128
fork15.pgm,39,37,21,255,35,28,255,111,31,128,34,42,255,5,6,255,3,33,255,42,31,255,27,24,255,56,23,255,24,39,255,86,26,255,8,30,255,8,35,255,25,34,255,23,10,128,62,24,128,14,30,128,13,35,128,33,16,255,29,38,255,39,16,255,38,37,255,107,28,255,16,4,255,12,7,255,18,9,255,29,9,255,26,18,255,13,22,255,49,22,255,20,23,255,68,26,255,28,30,255,62,31,255,72,33,255,107,34,255,11,43,255,102,27,128,81,26,128
fork19.pgm,38,46,35,255,48,26,255,118,24,255,49,62,255,44,40,255,77,33,255,71,34,255,65,35,255,60,36,255,37,37,255,31,38,255,112,38,255,25,39,255,106,39,255,100,40,255,89,42,255,83,43,255,78,44,255,72,45,255,66,46,255,43,48,255,38,49,255,32,50,255,26,51,255,41,25,255,36,26,255,30,27,255,111,27,255,24,28,255,105,28,255,99,29,255,94,30,255,88,31,255,82,32,255,39,66,255,33,67,255,95,41,255,125,31,255
fork20.pgm,30,111,27,128,43,18,128,42,27,255,67,20,255,25,27,255,17,17,128,98,23,128,103,24,128,93,23,255,28,23,128,22,23,255,30,11,255,11,8,255,27,15,255,10,33,255,20,4,255,88,29,255,11,22,255,30,33,255,22,14,255,55,26,255,27,5,255,82,28,255,53,19,128,86,22,128,77,27,128,102,30,128,11,3,128,39,31,255,35,35,255
fountain01.pgm,32,70,21,255,51,5,255,59,19,255,50,20,255,47,40,255,77,84,255,24,80,128,16,76,255,37,42,255,71,42,255,49,28,255,88,52,255,22,51,255,58,14,255,37,85,255,89,80,128,30,45,128,95,57,255,9,73,255,49,35,128,84,46,255,58,7,255,104,70,255,29,83,255,100,74,255,13,55,255,66,41,128,83,83,255,77,43,255,42,41,128,100,62,255,94,77,255
fountain03.pgm,31,28,83,255,50,36,255,96,79,255,11,76,255,62,26,255,87,54,255,58,17,255,59,83,255,71,22,128,17,56,128,23,49,255,8,60,255,58,10,255,35,43,255,67,25,128,20,79,128,80,83,128,83,48,255,60,35,128,51,11,128,103,75,255,102,63,255,5,64,255,60,41,255,77,44,255,96,56,128,6,72,255,86,82,255,67,19,255,64,83,255,28,46,255
fountain04.pgm,26,52,5,255,5,60,255,104,65,255,89,49,128,43,20,128,60,39,255,74,42,255,77,81,255,17,77,255,36,82,255,60,83,255,71,83,128,20,50,128,102,71,255,10,55,255,28,43,128,88,78,255,24,80,255,83,80,255,36,40,255,98,74,255,57,9,128,65,16,128,68,42,128,8,72,255,12,76,255
fountain05.pgm,32,41,19,255,68,19,128,58,16,255,32,42,255,50,16,255,23,48,255,91,51,255,51,25,255,41,82,255,58,30,255,35,82,255,102,58,255,94,73,128,18,50,128,74,42,128,5,62,255,48,21,255,82,43,255,9,75,255,5,70,255,40,39,255,68,40,255,22,79,255,84,79,255,27,80,255,79,81,255,62,22,255,50,32,255,11,56,255,89,76,255,99,69,255,96,54,255
fountain06.pgm,28,62,18,255,95,54,255,104,66,255,24,80,128,13,74,128,57,38,128,5,64,255,5,69,255,49,25,255,20,51,255,75,42,255,40,82,255,47,83,255,61,41,255,37,40,255,93,74,255,11,58,255,83,45,255,57,12,255,101,57,255,85,79,255,25,44,255,79,81,255,32,41,255,43,18,255,69,41,255,73,83,128,100,70,255
fountain09.pgm,27,59,35,255,66,17,255,48,23,128,69,38,255,32,78,255,55,5,255,5,68,255,9,72,255,76,81,255,69,83,255,29,43,255,44,82,128,87,79,128,64,83,128,47,18,255,11,56,255,17,53,255,96,73,255,96,54,255,34,42,255,40,40,255,24,76,255,37,80,255,81,80,255,84,45,255,75,39,128,7,61,255
fountain10.pgm,38,40,19,255,58,14,255,51,16,255,54,82,255,102,69,255,60,30,128,35,41,255,84,76,255,67,82,255,30,78,255,25,45,255,87,44,255,69,37,255,91,50,255,44,16,255,51,26,255,104,61,255,15,74,128,19,49,128,10,73,128,5,67,128,52,11,128,72,79,255,7,58,255,82,41,255,47,20,255,97,52,255,77,77,255,36,79,255,13,52,255,76,39,255,93,71,255,20,75,255,30,43,255,57,9,255,43,38,128,101,55,255,88,73,255
fountain13.pgm,31,57,17,255,58,38,255,22,49,255,73,79,255,50,23,255,104,64,255,19,76,255,49,37,255,98,72,255,6,61,255,84,76,255,11,71,255,70,40,255,29,41,128,42,80,128,63,18,128,5,67,255,97,55,255,46,15,255,35,39,255,26,77,255,31,78,255,50,32,255,79,78,255,91,74,255,47,80,128,65,39,128,43,38,128,16,52,128,101,58,255,11,54,255
fountain15.pgm,30,55,5,255,56,14,255,5,67,255,38,17,255,42,21,128,104,58,255,9,52,255,25,40,255,81,75,255,68,77,255,76,76,255,39,36,255,34,77,128,85,48,255,93,52,255,98,68,128,17,73,128,74,42,128,43,14,128,61,14,128,49,77,128,93,70,255,7,57,255,15,48,255,88,72,255,98,54,255,68,40,255,32,38,255,22,75,255,58,33,255
fountain16.pgm,25,49,24,255,67,16,255,103,62,255,47,38,255,98,72,255,52,13,128,89,77,255,92,53,255,6,70,255,103,56,255,70,38,255,46,81,128,78,80,255,22,76,128,65,38,128,32,80,128,57,31,128,82,47,255,66,22,255,28,40,255,13,51,255,12,73,255,86,50,255,72,81,128,51,81,128
fountain19.pgm,28,101,55,255,49,23,255,40,21,255,48,78,255,5,64,255,104,59,255,51,15,255,61,39,255,20,75,255,85,43,255,85,48,255,64,79,255,59,29,255,44,17,128,70,41,128,78,41,128,15,74,128,49,35,255,87,76,255,16,52,255,89,52,255,33,77,255,29,42,255,42,39,255,96,72,255,27,76,255,10,71,255,11,55,255
fountain20.pgm,32,49,23,255,53,15,255,59,16,255,60,37,255,32,79,255,43,20,255,86,46,255,79,80,255,7,56,255,20,49,255,104,57,255,79,41,255,6,70,255,24,43,255,49,35,255,84,79,128,27,78,255,18,75,255,104,62,255,100,69,255,96,73,255,92,50,255,36,38,255,12,73,255,65,38,255,47,16,255,38,80,255,41,37,128,72,39,128,30,40,255,90,76,255,14,52,255
Glas01.pgm,37,11,96,255,60,83,255,85,4,255,43,42,255,9,25,255,60,47,255,45,72,255,42,4,255,49,4,255,44,50,255,60,4,255,68,4,255,31,38,128,25,90,255,69,87,128,83,92,128,35,87,128,55,4,128,74,4,128,22,4,128,37,4,255,77,32,255,9,17,128,44,62,128,84,25,255,20,92,255,67,37,255,77,90,255,72,35,255,19,33,255,14,30,255,30,4,255,24,36,255,37,40,255,86,9,255,86,20,255,44,56,128
Glas02.pgm,36,43,42,255,85,4,255,9,25,255,9,96,255,40,80,255,49,4,255,60,48,255,42,4,255,43,48,255,60,4,255,68,4,255,31,38,128,16,92,255,84,25,128,83,92,128,69,87,128,55,4,128,37,4,255,22,4,128,74,4,128,77,32,255,9,13,128,40,72,128,41,64,128,75,89,255,67,37,255,17,32,255,33,84,255,23,89,255,72,35,255,31,4,255,37,40,255,24,36,255,86,20,255,86,9,255,42,55,128
Glas03.pgm,31,11,96,255,85,4,255,45,72,255,31,38,128,43,84,128,83,92,128,69,87,128,35,87,128,29,4,128,77,4,128,21,4,128,79,30,255,45,59,128,60,47,128,44,50,128,60,52,128,60,61,128,15,26,255,75,89,255,18,93,255,67,37,255,84,25,255,72,35,255,21,35,255,25,90,255,37,40,255,12,17,255,86,20,255,60,71,255,86,9,255,44,64,128
Glas04.pgm,33,11,95,255,60,83,255,35,11,255,29,37,255,45,72,255,60,48,255,15,4,255,44,50,255,73,5,255,25,90,255,67,7,128,83,92,128,58,10,128,69,87,128,35,87,128,79,30,255,9,13,128,44,62,128,60,55,128,77,90,255,20,92,255,84,25,255,67,37,255,72,35,255,17,32,255,22,6,255,24,36,255,34,39,255,86,20,255,48,12,128,44,56,128,27,8,128,40,12,128
Glas06.pgm,28,11,96,255,60,83,255,9,25,255,29,37,255,63,36,255,44,50,255,9,19,255,60,44,255,45,72,255,60,53,255,25,90,255,84,11,128,35,87,128,69,87,128,83,92,128,22,4,128,9,13,128,44,62,128,77,90,255,18,93,255,81,19,255,19,33,255,69,29,255,76,25,255,14,30,255,37,40,255,24,36,255,44,56,128
Glas07.pgm,33,11,95,255,85,4,255,71,35,255,9,25,255,54,62,128,45,82,255,60,83,255,38,53,255,9,19,255,25,90,255,44,74,128,35,87,128,69,87,128,83,92,128,22,4,128,79,30,255,9,13,128,77,90,255,84,25,255,18,93,255,36,44,255,19,33,255,14,30,255,63,38,255,56,41,255,41,64,255,86,20,255,86,9,255,40,59,255,53,55,255,57,72,255,51,49,255,25,37,255
Glas08.pgm,32,11,95,255,60,83,255,85,4,255,9,25,255,40,63,255,45,82,255,36,45,255,71,41,255,62,72,255,25,90,255,37,50,128,69,87,128,35,87,128,84,24,128,68,45,128,83,92,128,22,4,128,79,30,255,18,93,255,77,90,255,17,32,255,26,38,255,44,76,255,66,53,255,39,56,255,65,58,255,64,63,255,42,68,255,61,77,255,86,9,255,74,36,255,31,41,255
Glas13.pgm,34,11,96,255,85,4,255,9,25,255,29,37,255,57,44,255,52,69,255,9,19,255,25,90,255,55,75,255,69,87,128,35,87,128,83,92,128,22,4,128,79,30,255,9,13,128,62,40,255,18,93,255,77,90,255,49,63,255,67,37,255,40,48,255,84,25,255,72,35,255,37,64,255,19,33,255,14,30,255,37,53,255,24,36,255,37,40,255,40,70,255,86,20,255,86,9,255,52,51,255,43,77,255
Glas14.pgm,37,11,95,255,46,83,255,85,4,255,61,41,255,9,25,255,29,37,255,66,62,128,43,42,255,25,90,255,65,54,255,52,67,255,48,78,128,69,87,128,83,92,128,22,4,128,79,30,255,9,13,128,18,93,255,67,37,255,77,90,255,72,35,255,84,25,255,55,58,255,19,33,255,14,30,255,37,86,255,31,88,255,37,40,255,24,36,255,62,75,255,62,46,255,64,67,255,50,73,255,86,20,255,86,9,255,48,48,255,52,53,255
Glas18.pgm,44,61,45,255,4,4,255,7,105,255,5,28,255,10,7,255,43,47,255,95,106,255,83,4,128,17,14,255,4,10,255,5,22,255,61,67,255,44,60,255,14,102,128,70,95,255,19,39,128,24,99,128,27,41,128,36,94,128,36,15,255,44,14,255,49,14,128,54,14,255,62,14,128,67,14,255,61,52,128,61,58,128,31,96,255,78,98,255,35,44,255,90,103,255,73,39,255,84,101,255,44,71,255,61,80,255,44,66,255,89,24,255,45,86,128,89,10,128,4,16,128,30,15,128,68,41,255,79,36,255,12,34,255
Glas19.pgm,39,11,96,255,60,83,255,85,4,255,9,25,255,29,37,255,35,87,128,60,53,255,45,72,255,44,50,255,9,19,255,25,90,255,69,87,128,83,92,128,64,20,128,38,20,128,79,30,255,91,96,128,75,7,255,60,61,128,60,47,128,44,62,128,67,37,255,18,93,255,77,90,255,84,25,255,72,35,255,19,33,255,14,30,255,34,39,255,24,36,255,80,4,255,60,73,255,86,20,255,86,9,255,44,56,128,70,13,255,15,7,255,20,11,255,32,19,255
Glas20.pgm,32,60,83,255,85,4,255,9,25,255,29,37,255,11,95,255,74,6,255,60,48,255,45,72,255,44,50,255,9,19,255,25,90,255,69,87,128,83,92,128,35,87,128,61,15,128,69,11,255,79,30,255,60,55,128,9,13,128,44,62,128,67,37,255,84,24,255,18,93,255,77,90,255,72,35,255,17,32,255,43,5,255,80,4,255,37,40,255,86,9,255,44,56,128,55,13,255
hammer01.pgm,33,18,27,255,110,10,255,93,6,128,5,31,128,12,6,255,110,4,255,6,42,255,20,41,255,66,10,255,67,18,255,22,32,255,45,22,255,100,4,255,78,8,255,60,11,255,55,12,255,101,12,255,43,14,255,37,15,255,87,15,255,25,17,255,74,17,255,62,19,255,33,24,255,84,7,255,18,10,255,4,24,255,92,14,255,4,17,255,71,9,128,38,23,128,48,13,128,7,12,255
hammer02.pgm,30,35,47,255,55,35,255,110,26,128,42,38,128,81,31,128,34,32,255,36,61,255,22,60,255,98,28,255,73,32,255,30,62,128,93,29,128,103,27,128,21,40,128,22,48,128,50,44,255,118,32,255,66,41,255,61,42,255,55,43,255,43,45,255,79,39,255,72,40,255,100,35,255,89,37,255,113,33,255,84,38,255,107,34,255,95,36,255,25,32,255
hammer03.pgm,24,109,15,255,4,18,255,93,11,255,107,3,128,97,3,128,111,7,128,10,25,128,82,25,128,46,25,128,56,25,255,61,25,255,69,25,128,75,25,255,87,25,128,15,25,128,20,25,255,25,25,255,33,25,128,39,25,255,51,25,128,109,21,128,94,32,255,107,29,255,97,38,255
hammer04.pgm,13,28,3,255,25,25,255,110,37,255,11,14,255,25,20,255,23,5,128,5,32,128,111,32,255,3,45,255,7,21,255,26,13,255,27,8,255,16,9,255
hammer05.pgm,9,89,31,255,109,17,255,89,36,255,109,23,128,87,12,128,111,9,255,88,44,255,102,43,255,98,47,255
hammer08.pgm,13,35,3,255,110,46,255,6,30,128,33,54,128,33,60,128,33,10,255,9,24,255,21,9,255,29,5,255,32,15,255,31,21,255,17,12,255,14,16,255
hammer10.pgm,45,10,58,255,112,91,255,5,73,255,42,50,255,33,82,255,45,43,128,20,40,255,52,54,255,105,89,255,25,35,255,39,26,255,47,52,255,57,56,255,12,76,255,69,76,255,17,78,255,74,78,255,23,80,255,80,80,255,28,82,255,85,82,255,91,84,255,96,86,255,69,60,255,74,62,255,82,65,255,44,67,255,88,67,255,52,70,255,96,70,255,58,72,255,63,74,255,108,74,255,14,54,255,115,83,255,36,75,255,6,68,255,16,49,255,102,72,255,8,63,255,44,25,128,63,58,128,49,35,255,33,29,255,29,32,255
hammer12.pgm,30,133,37,255,133,54,255,38,36,255,9,39,255,41,13,255,12,30,128,60,54,128,88,54,128,110,54,128,112,37,128,124,54,128,45,37,128,77,54,128,50,54,128,91,37,128,67,37,128,82,37,128,107,37,128,73,37,128,125,37,128,118,37,128,105,54,128,9,49,128,6,65,255,34,6,255,24,12,255,38,29,255,39,24,255,40,18,128,15,24,255
hammer13.pgm,36,98,24,128,4,43,255,4,26,255,99,44,255,96,65,128,125,51,128,20,43,128,53,43,128,64,43,128,70,43,128,67,26,128,79,43,128,85,43,128,24,26,128,94,43,128,10,43,128,40,26,255,28,43,128,36,43,128,12,26,128,42,43,128,50,26,128,18,26,128,62,26,128,131,12,255,128,30,128,128,36,128,131,18,128,110,70,255,116,65,255,100,75,255,99,51,255,98,56,255,127,46,255,59,43,128,120,59,255
hammer16.pgm,11,3,47,255,24,3,255,20,23,255,25,31,255,20,12,128,3,54,255,8,17,255,4,30,255,4,40,255,6,22,255,14,9,255
hammer19.pgm,44,116,79,255,13,57,255,6,72,255,37,50,255,19,37,255,16,43,255,31,69,128,42,52,128,13,52,128,36,35,255,101,73,255,94,83,255,48,54,255,100,85,255,56,57,255,62,59,255,21,78,255,75,76,255,35,24,255,16,76,255,106,75,255,39,63,255,72,63,255,45,65,255,78,65,255,50,67,255,84,67,255,89,69,255,58,70,255,86,80,255,70,74,255,64,72,255,11,74,255,106,87,255,94,71,255,35,43,255,9,61,255,67,61,255,7,66,255,29,74,255,111,77,255,80,78,255,115,84,255,30,26,255
hammer20.pgm,41,30,47,255,28,38,255,29,32,255,121,29,255,17,60,255,22,63,128,17,48,128,16,40,128,34,58,255,112,32,255,60,33,255,107,33,255,55,34,255,101,34,255,49,35,255,95,35,255,38,37,255,84,37,255,33,38,255,78,38,255,73,39,255,72,31,255,112,24,255,106,25,255,100,26,255,95,27,255,89,28,255,83,29,255,77,30,255,66,32,255,67,40,255,61,41,255,56,42,255,50,43,255,44,44,255,38,45,255,28,62,255,90,36,255,44,36,255,16,54,128,20,32,255
Heart01.pgm,37,49,18,255,41,10,255,98,12,255,70,82,255,15,6,255,35,6,255,88,70,255,36,72,255,5,24,128,99,60,128,93,9,128,9,12,128,104,53,128,51,23,128,64,20,128,108,28,128,71,11,255,57,90,128,107,23,255,75,79,255,85,6,255,104,17,255,107,46,255,9,47,255,46,14,255,78,7,255,21,4,255,62,87,255,53,87,255,42,77,255,14,53,255,28,4,255,4,33,255,109,37,255,61,26,255,68,15,255,81,75,255
Heart02.pgm,34,5,38,128,5,24,128,61,80,255,75,8,255,109,32,255,107,23,128,33,65,128,38,67,128,48,14,255,104,17,255,100,58,255,100,13,255,106,47,255,87,7,255,94,9,255,7,43,255,45,70,255,50,73,255,23,60,255,15,6,255,40,9,255,64,15,255,21,4,255,81,6,255,31,5,255,73,74,255,79,72,255,85,70,255,109,37,255,6,18,255,9,12,255,103,54,255,19,57,255,56,77,255
Heart03.pgm,34,72,10,255,98,12,255,35,6,255,70,82,255,41,10,255,15,6,255,88,70,255,36,72,255,99,59,128,5,24,128,104,53,128,108,28,128,93,9,128,9,12,128,57,90,128,85,6,255,104,17,255,53,19,255,61,19,255,107,23,255,107,46,255,9,47,255,77,78,255,80,6,255,64,86,255,21,4,255,48,14,255,42,77,255,15,54,255,53,87,255,28,4,255,109,36,255,5,36,255,81,75,255
Heart04.pgm,34,98,12,255,15,6,255,70,82,255,41,10,255,35,6,255,88,70,255,36,72,255,93,9,128,108,28,128,104,53,128,5,24,128,9,13,128,99,60,128,57,90,128,9,47,255,85,6,255,104,17,255,107,23,255,107,46,255,77,78,255,48,13,255,80,6,255,62,87,255,66,11,255,21,4,255,42,77,255,15,54,255,53,87,255,60,14,255,73,9,255,28,4,255,5,36,255,109,37,255,81,75,255
Heart08.pgm,32,87,6,128,44,15,255,79,77,128,48,21,128,106,49,128,16,16,128,77,6,128,106,20,128,55,92,128,17,60,255,69,11,255,87,72,255,20,11,255,75,80,255,38,9,255,64,17,255,12,22,255,58,28,255,5,36,255,109,37,255,28,70,255,66,85,255,44,82,255,109,31,255,4,43,255,107,43,128,61,22,255,102,56,255,6,49,255,8,28,255,97,11,255,35,75,255
Heart09.pgm,39,58,35,255,57,97,255,108,43,255,81,6,255,92,14,255,88,78,255,27,5,255,62,95,255,21,11,128,106,38,128,97,21,128,29,73,255,71,13,255,75,9,255,102,66,255,44,13,255,18,15,255,95,73,255,18,64,255,5,48,255,54,29,255,8,30,255,51,23,255,4,40,255,76,86,255,81,83,255,25,70,255,70,89,255,41,83,255,109,48,255,67,19,255,101,27,255,11,25,255,14,21,255,64,23,255,106,61,255,34,77,255,34,5,255,38,8,255
Heart12.pgm,36,57,88,255,9,10,255,8,44,255,104,51,255,47,23,255,107,44,128,97,9,128,107,21,128,7,15,128,22,59,255,102,13,255,77,76,255,82,73,255,60,28,255,44,77,255,62,85,255,64,24,255,29,12,255,87,11,255,42,20,255,82,13,255,52,84,255,16,4,255,5,36,255,109,29,255,4,24,255,109,36,255,101,55,255,21,5,255,26,62,255,33,68,255,87,69,255,37,71,255,71,19,255,68,81,255,36,16,255
Heart14.pgm,41,81,7,128,91,74,255,6,20,255,99,57,255,73,92,255,4,31,255,99,24,128,47,24,128,45,19,128,9,57,128,7,52,128,56,33,128,50,104,255,41,13,255,41,94,255,78,88,255,85,81,255,22,74,255,18,69,255,61,22,255,9,14,255,46,99,255,14,64,255,97,19,255,64,99,255,15,6,255,72,8,255,35,8,255,32,84,255,20,4,255,26,4,255,101,50,255,97,62,255,5,44,255,102,43,255,101,32,255,58,28,255,5,25,255,102,38,128,95,67,255,64,16,255
Heart15.pgm,41,57,90,128,49,18,255,42,62,255,70,82,255,18,56,255,82,75,255,41,10,255,98,12,255,15,6,255,35,6,255,46,66,255,26,58,255,104,53,128,53,85,128,63,86,128,64,20,128,51,23,128,5,24,128,94,9,128,9,12,128,108,28,128,49,73,128,71,11,255,94,65,255,75,79,255,107,23,255,107,46,255,9,47,255,104,17,255,46,14,255,87,7,255,21,4,255,80,6,255,90,69,255,28,4,255,31,59,255,4,34,255,109,37,255,51,79,255,61,26,255,67,16,255
Heart17.pgm,41,49,18,255,98,12,255,15,6,255,82,75,255,44,79,255,41,10,255,35,6,255,68,83,255,88,70,255,35,60,255,19,53,255,108,28,128,5,24,128,53,26,128,64,86,128,99,60,128,93,9,128,9,12,128,104,53,128,14,53,128,64,20,128,57,90,128,71,11,255,94,65,255,87,7,255,34,69,255,35,54,255,46,14,255,107,46,255,9,47,255,104,17,255,107,23,255,78,7,255,77,78,255,21,4,255,29,52,255,28,4,255,61,26,255,109,37,255,5,36,255,67,16,255
Heart19.pgm,37,68,30,255,82,75,255,15,6,255,35,6,255,44,79,255,68,83,255,98,12,255,88,70,255,99,60,128,93,9,128,5,24,128,9,12,128,63,86,128,108,28,128,104,53,128,57,90,128,94,65,255,40,9,255,14,53,255,72,16,128,107,23,255,74,10,255,106,48,255,87,7,255,71,23,255,9,47,255,104,17,255,45,29,255,21,4,255,80,6,255,34,71,255,77,78,255,52,32,255,28,4,255,109,36,255,4,34,255,43,14,255
Heart20.pgm,43,56,48,255,24,50,255,6,11,255,20,64,255,66,86,255,60,90,255,63,37,255,51,43,255,85,74,255,11,35,255,108,41,255,108,27,255,7,29,128,33,7,128,104,54,128,44,34,128,55,93,128,10,7,255,48,39,255,48,87,255,80,78,255,21,58,255,67,31,255,41,28,255,106,22,255,41,81,255,75,8,255,80,6,255,39,10,255,89,8,255,25,4,255,5,23,255,109,33,255,107,46,255,70,23,255,60,41,255,17,42,255,103,17,255,101,59,255,75,81,255,36,77,255,99,13,255,29,71,255
key01.pgm,32,12,54,255,75,37,255,39,8,128,111,31,255,106,37,255,80,38,255,26,5,255,85,38,255,56,38,255,59,22,255,92,38,255,97,38,255,81,22,255,76,22,255,101,22,255,65,22,255,70,38,128,90,22,128,65,38,255,25,55,255,70,22,255,5,38,128,5,26,128,37,55,255,41,17,255,51,41,255,42,47,255,5,51,255,109,24,255,54,22,255,49,20,255,17,5,255
key03.pgm,28,8,9,255,20,52,255,46,14,255,40,5,128,93,36,128,111,25,255,109,31,255,28,6,255,102,35,255,45,38,255,85,36,255,19,6,255,34,5,128,92,21,128,98,21,255,50,37,128,62,20,128,5,22,128,107,22,255,43,9,255,11,48,255,41,43,255,33,52,255,13,8,255,50,19,255,64,35,255,56,37,255,6,15,128
key05.pgm,25,54,22,255,25,5,255,5,32,128,111,28,255,105,22,255,77,34,255,25,51,128,75,21,128,104,31,128,63,34,128,68,34,255,57,34,128,45,10,255,41,6,255,17,8,255,39,51,255,94,23,255,87,32,255,17,48,255,8,39,255,7,18,255,47,42,255,89,22,128,81,21,128,13,11,255
key06.pgm,27,111,27,255,6,19,255,13,47,255,84,36,128,50,20,128,6,37,255,47,16,255,22,51,128,19,6,128,32,51,128,88,21,128,42,44,255,69,36,128,42,11,255,94,35,255,9,43,255,38,7,255,75,34,255,33,5,255,104,36,255,61,37,255,96,21,255,78,21,255,104,22,255,48,39,255,65,20,255,5,28,128
key07.pgm,27,53,23,255,42,43,255,99,37,255,6,31,128,111,26,255,39,5,255,39,54,255,5,26,255,105,38,255,78,38,255,84,38,255,89,38,255,41,10,255,74,23,255,90,23,255,5,37,255,56,38,255,66,38,255,61,38,255,8,6,255,41,17,128,72,38,255,11,55,128,40,49,128,31,5,255,16,5,255,16,55,128
key08.pgm,27,20,9,255,16,18,255,45,46,255,106,33,128,38,14,255,49,17,255,34,11,255,8,38,255,19,46,255,22,51,255,56,42,255,78,19,255,64,36,255,106,18,255,100,18,128,111,22,255,6,25,255,111,28,255,86,34,255,27,54,255,33,54,255,81,35,255,13,40,255,61,20,255,5,33,255,95,18,128,11,21,255
key10.pgm,20,8,47,255,73,37,255,61,36,255,6,14,255,6,41,255,35,55,128,44,46,255,104,34,255,90,35,255,36,4,255,24,4,255,12,8,255,51,40,255,80,35,255,17,52,255,18,6,255,27,55,255,102,22,255,66,37,255,43,15,255
key13.pgm,30,5,36,255,98,28,255,107,28,128,55,37,255,92,32,255,58,23,255,74,33,255,59,32,255,85,31,255,84,21,128,95,20,128,7,20,255,112,23,128,26,5,255,32,5,255,16,48,255,26,52,255,70,23,255,79,22,255,65,31,255,51,21,255,90,20,255,103,19,255,108,19,255,41,47,255,40,12,255,12,44,255,11,16,255,15,12,255,20,8,255
key14.pgm,34,54,23,255,35,59,255,82,25,255,60,42,255,110,40,255,27,57,255,45,5,255,79,42,255,106,27,255,66,42,255,14,55,255,5,44,255,103,42,255,71,25,255,19,6,255,90,26,255,101,26,255,7,17,128,77,25,128,32,5,255,22,57,128,50,46,255,94,42,255,89,42,255,74,42,255,5,27,128,111,32,128,49,10,255,48,52,255,59,24,255,5,32,255,8,53,255,25,6,128,51,18,128
key17.pgm,26,58,34,255,89,15,128,111,22,255,94,31,255,12,16,255,16,42,255,5,21,255,52,39,255,25,4,255,31,4,255,107,15,255,37,10,255,94,15,255,45,12,128,34,51,128,46,41,128,104,28,128,75,16,255,21,46,255,5,27,128,5,33,255,89,31,255,16,13,255,12,39,255,77,30,255,69,16,128
key18.pgm,26,19,51,128,5,23,128,50,18,255,50,50,255,28,52,255,32,5,255,58,18,255,72,35,255,63,20,255,69,20,255,81,19,255,5,10,255,6,43,128,86,19,128,98,33,128,14,6,128,83,34,128,110,20,255,47,6,255,8,50,255,6,28,255,49,13,128,110,31,255,88,34,255,22,6,128,104,18,128
key19.pgm,26,45,40,255,7,14,255,111,26,128,74,37,128,27,51,128,85,36,128,26,6,128,45,10,128,31,5,255,98,35,255,5,43,255,56,39,255,66,20,255,43,48,128,36,52,128,86,20,128,75,20,128,5,21,128,15,48,255,41,5,255,16,10,255,103,35,128,108,31,255,21,8,255,68,37,255,10,46,255
Misk01.pgm,55,113,45,255,113,82,255,110,39,255,22,99,255,80,88,255,33,103,255,38,113,255,95,89,255,25,73,255,59,120,255,95,104,255,39,8,255,90,121,255,26,18,255,56,4,255,29,51,255,80,124,255,51,4,255,75,8,255,101,56,255,17,32,255,18,90,128,102,66,255,101,107,255,111,89,255,21,79,255,111,77,255,31,13,255,25,40,255,21,36,255,85,18,255,46,5,255,67,5,255,101,21,255,94,22,255,90,87,255,100,91,255,107,92,255,84,101,255,89,102,255,43,115,255,48,116,255,98,117,255,53,118,255,65,123,255,85,123,255,109,28,255,19,84,255,100,61,255,28,65,255,28,46,255,29,56,128,76,93,255,108,72,255,80,12,255
Misk02.pgm,47,73,99,255,27,41,255,110,22,128,21,100,128,105,112,255,30,103,255,99,58,255,43,117,255,111,78,128,26,65,128,17,83,128,72,126,255,84,87,128,77,126,128,110,39,255,36,113,255,112,44,128,112,83,255,90,122,255,111,90,255,21,76,255,100,63,255,17,95,255,51,3,255,84,16,255,79,11,255,77,90,255,96,106,255,96,119,255,51,119,255,82,125,255,102,20,255,92,21,255,69,5,255,35,41,255,63,124,255,99,91,255,80,101,255,87,103,255,58,122,255,90,88,255,46,10,255,27,60,255,104,93,128,105,54,255,102,116,255,75,8,255
Misk03.pgm,45,99,57,255,92,98,255,106,36,255,16,28,255,31,98,255,106,107,255,109,21,255,112,85,255,74,8,128,108,91,128,109,51,255,112,44,128,31,53,128,31,58,128,34,102,255,21,93,255,97,116,255,68,122,255,98,87,255,41,112,255,84,16,255,102,65,255,51,115,255,60,119,255,81,122,255,63,5,255,90,119,255,93,22,255,69,6,255,22,80,255,30,47,255,29,65,255,20,85,255,110,26,255,111,76,255,103,21,128,27,41,255,37,107,255,37,11,255,105,54,255,20,24,255,30,16,255,103,88,255,101,103,255,78,11,255
Misk04.pgm,59,95,19,255,65,80,255,95,93,128,15,81,128,100,7,128,6,13,255,102,27,255,39,5,255,10,70,255,102,65,255,33,4,255,46,100,128,24,4,255,66,106,128,68,73,255,21,42,255,21,36,128,11,76,255,20,81,255,20,30,255,101,60,255,82,6,255,85,100,255,15,5,255,98,74,255,87,6,255,71,3,255,76,3,255,65,4,255,46,6,255,73,70,255,80,70,255,87,72,255,92,74,255,70,82,255,75,83,255,81,85,255,86,87,255,35,97,255,40,98,255,52,103,255,78,103,255,57,105,255,72,105,255,19,50,255,101,70,255,98,14,255,58,5,128,99,23,255,30,94,255,25,87,255,100,33,255,91,47,255,14,60,255,17,25,255,9,9,255,11,18,255,91,89,255,94,38,255
Misk05.pgm,55,22,99,255,99,58,255,105,110,255,104,92,255,93,104,128,94,22,128,29,100,255,110,39,255,109,51,255,37,112,255,112,44,128,112,82,255,109,28,255,20,91,255,111,89,255,98,117,255,50,66,255,101,107,255,22,32,255,80,12,255,21,21,255,42,43,255,106,69,255,46,4,255,68,5,255,83,87,255,88,87,255,93,88,255,98,90,255,80,100,255,87,102,255,42,115,255,47,116,255,52,118,255,57,120,255,87,122,255,64,123,255,111,77,255,51,55,255,78,124,128,78,90,255,48,49,255,32,104,255,101,64,255,40,7,255,31,82,255,76,9,255,88,19,255,29,14,255,33,11,255,105,54,255,38,40,255,43,74,255,39,77,255,26,85,255
Misk07.pgm,55,90,70,255,106,111,255,25,98,128,75,96,128,16,28,255,105,36,255,31,52,255,61,5,128,111,80,255,92,22,255,20,34,255,27,71,255,92,27,255,110,41,255,109,91,255,42,113,255,20,24,255,83,15,255,30,16,255,98,89,255,69,6,255,95,76,255,100,77,255,106,78,255,83,87,255,91,87,255,88,101,255,94,103,255,99,105,255,49,115,255,54,117,255,59,119,255,92,119,255,64,121,255,87,121,255,29,66,255,20,86,255,112,87,255,21,93,255,29,45,255,110,47,255,31,58,255,73,123,128,32,100,255,103,91,128,81,99,128,107,54,255,78,91,255,35,104,255,38,109,255,102,114,255,37,11,255,77,10,255,88,19,255,97,65,255
Misk09.pgm,52,99,57,255,106,36,255,16,28,255,31,98,255,74,68,255,111,88,255,109,21,255,105,111,255,73,8,128,109,51,255,90,91,255,73,78,255,112,81,255,31,58,128,112,44,128,31,53,128,21,93,255,35,104,255,97,116,255,22,23,255,102,65,255,83,15,255,81,84,255,43,113,255,81,68,255,93,22,255,68,6,255,51,115,255,58,118,255,90,119,255,63,120,255,85,121,255,68,122,255,63,5,255,28,43,255,110,26,255,22,80,255,29,66,255,111,76,255,20,85,255,30,48,255,103,21,128,104,105,255,38,109,255,31,15,255,86,71,255,105,88,255,101,85,255,78,11,255,105,54,255,85,87,255,37,11,255
Misk10.pgm,53,72,93,255,102,106,255,23,94,128,49,45,255,32,38,255,93,85,128,108,83,128,24,38,128,83,16,255,78,11,255,76,85,255,19,78,255,56,114,255,41,109,255,104,87,255,89,20,255,22,19,255,106,48,255,44,50,255,79,95,255,92,99,255,86,97,255,45,4,255,65,4,255,76,118,255,81,117,255,64,117,255,98,19,255,93,112,255,18,37,255,38,39,255,44,41,255,49,111,255,108,40,255,13,32,255,18,86,255,86,115,255,105,26,255,27,62,255,108,75,255,70,118,128,37,106,255,34,102,255,105,69,255,99,62,255,31,97,255,14,26,255,18,22,255,29,13,255,33,10,255,74,8,255,38,7,255,101,51,255
Misk11.pgm,48,99,57,255,51,69,255,106,36,255,16,28,255,45,113,255,109,21,255,112,85,255,107,91,255,42,64,128,74,8,128,109,51,255,31,58,128,31,53,128,112,44,128,97,116,255,84,16,255,102,65,255,95,103,255,90,101,255,93,87,255,98,89,255,63,120,255,85,100,255,90,119,255,93,22,255,58,118,255,63,5,255,53,116,255,68,6,255,100,105,255,82,122,255,68,122,255,111,76,255,110,26,255,28,43,255,30,48,255,51,74,255,49,80,255,48,85,255,47,90,255,45,97,255,79,89,255,84,86,128,78,11,255,105,54,255,20,24,255,30,16,255,34,13,255
Misk13.pgm,44,71,95,255,108,96,255,95,57,255,106,23,128,20,77,255,100,21,255,61,116,255,22,97,128,15,32,255,76,12,255,78,81,255,16,88,128,108,44,128,18,93,255,98,103,255,88,108,255,24,41,255,104,51,255,45,113,255,65,6,255,89,22,255,88,94,255,102,94,255,82,111,255,40,112,255,72,114,255,27,61,255,17,82,255,27,48,255,88,71,255,25,66,255,73,89,255,55,115,128,85,77,255,28,98,255,35,108,255,31,102,255,103,100,255,29,14,255,80,16,255,25,17,255,84,19,255,16,24,255,35,10,255
Misk16.pgm,53,76,102,255,26,103,255,107,115,128,107,41,128,19,37,255,111,95,255,27,26,255,113,48,255,78,97,255,102,68,255,45,118,255,83,92,255,106,21,255,25,42,255,54,121,255,63,10,255,89,10,255,50,11,255,101,110,255,70,127,255,96,108,255,90,106,255,87,126,255,84,104,255,93,92,255,99,94,255,105,96,255,62,124,255,96,122,255,83,8,255,109,35,255,109,26,255,31,51,255,32,66,255,30,72,255,113,83,255,22,96,255,41,115,255,33,104,255,22,89,128,36,108,255,27,79,255,110,78,255,112,54,255,77,5,255,105,60,255,102,119,255,23,29,255,33,21,255,37,18,255,100,16,255,42,15,255,95,13,255
Misk20.pgm,54,102,105,128,102,33,255,72,92,255,23,93,255,12,40,255,105,19,255,41,51,255,29,93,255,96,54,255,108,78,255,18,86,128,63,116,128,83,81,128,106,85,255,38,106,255,20,54,255,108,41,128,15,72,128,71,6,255,107,72,255,18,28,255,104,28,255,97,59,255,32,13,255,21,24,255,102,50,255,49,3,255,65,4,255,97,19,255,90,20,255,38,41,255,88,82,255,93,84,255,98,86,255,77,94,255,82,95,255,88,97,255,94,99,255,48,110,255,93,111,255,54,112,255,84,115,255,76,117,255,16,78,255,16,62,255,16,33,255,33,52,128,70,117,128,33,99,255,85,17,255,37,9,255,80,13,255,75,9,255,78,83,255
ray02.pgm,57,5,81,255,44,68,255,26,40,255,13,77,255,16,69,255,45,55,255,63,5,128,38,34,255,118,9,255,66,92,255,16,87,255,112,82,255,125,35,255,56,91,255,126,78,255,129,49,255,15,60,255,11,70,255,99,8,255,78,6,255,113,9,255,86,89,255,11,85,255,43,95,128,18,64,128,49,12,128,90,8,128,35,86,255,19,56,255,40,39,128,45,40,255,133,64,128,12,65,255,22,89,255,100,87,255,30,54,255,54,8,255,26,84,255,35,46,255,22,81,255,131,75,255,120,80,255,43,84,255,62,89,255,29,93,255,51,93,255,35,95,255,123,26,255,47,26,255,120,19,255,48,19,255,132,57,255,127,40,255,18,76,255,94,88,128,105,85,128,46,33,128
ray03.pgm,54,84,102,255,61,95,255,67,116,255,19,59,255,95,91,255,76,121,255,76,112,255,69,123,255,79,133,255,66,8,128,101,133,128,112,77,255,94,30,255,83,17,255,90,26,255,38,41,255,86,138,128,126,56,128,71,131,255,80,141,255,52,92,255,22,70,255,51,29,255,119,47,255,29,48,255,117,72,255,27,75,255,102,85,255,67,106,255,75,137,255,87,143,255,92,143,255,125,61,255,77,127,255,19,64,128,97,142,128,79,13,255,63,14,255,54,25,255,86,21,255,122,67,255,22,55,255,58,20,255,80,105,255,75,7,255,36,82,255,42,86,255,47,89,255,34,44,255,113,43,255,108,40,255,103,37,255,32,79,255,106,82,255
ray04.pgm,48,60,102,255,126,59,255,84,95,255,46,134,255,68,109,255,69,122,255,59,138,128,115,78,255,70,137,255,62,17,255,50,31,255,78,106,255,120,52,255,69,114,128,76,119,128,108,42,255,126,64,128,73,133,255,19,54,255,93,92,255,52,92,255,46,141,255,90,24,255,116,48,255,123,70,255,28,72,255,43,85,255,54,143,255,59,143,255,20,61,255,76,124,255,68,128,255,65,105,255,59,21,255,87,20,255,83,15,255,23,67,255,67,11,255,70,7,255,109,82,255,39,82,255,65,141,255,29,45,255,45,35,255,101,87,255,40,38,255,104,38,255,35,41,255
ray05.pgm,52,41,76,128,34,82,255,32,95,255,45,134,128,28,47,128,32,15,255,32,130,255,37,86,255,33,138,255,113,40,255,42,14,255,23,114,255,111,95,255,114,51,128,49,97,128,77,13,128,46,142,128,89,96,128,67,14,128,84,96,255,28,133,255,29,124,128,113,20,128,25,26,128,25,32,128,113,33,128,22,119,128,117,60,255,24,109,255,32,60,255,123,87,255,35,67,255,107,6,255,39,102,255,27,105,255,87,12,255,102,8,255,94,10,255,68,95,255,41,141,255,31,113,255,121,71,255,27,42,255,26,37,255,114,10,255,23,125,255,31,53,255,29,119,128,105,95,128,123,81,128,28,20,255,119,91,255
ray09.pgm,46,49,84,128,79,79,255,9,111,255,15,107,255,63,98,255,42,111,255,26,116,255,52,88,128,18,113,255,32,35,255,54,13,255,59,103,255,49,114,128,34,117,128,58,10,255,33,111,255,54,94,128,10,54,255,114,54,255,52,100,255,70,12,255,17,44,255,35,78,255,106,60,255,37,31,255,29,73,255,43,117,255,87,79,255,29,108,255,71,89,255,101,65,255,93,75,255,21,64,255,45,22,255,80,21,255,48,18,255,97,70,255,113,48,255,66,8,255,84,27,255,14,58,255,109,44,255,22,41,255,27,38,255,96,37,255,89,32,255
ray13.pgm,46,64,100,255,46,132,255,56,135,255,74,5,255,79,104,255,126,61,255,78,110,255,72,111,255,59,140,128,22,70,255,85,18,255,106,42,255,19,62,255,77,126,255,125,68,255,58,93,255,52,138,255,65,135,255,102,38,255,59,22,255,92,90,255,53,90,255,72,116,128,56,26,255,70,9,255,78,10,255,66,14,255,91,25,255,94,29,255,52,31,255,22,58,255,68,103,255,70,129,255,73,133,255,48,86,255,100,85,255,105,82,255,42,82,255,37,79,255,113,77,255,32,76,255,34,47,255,38,44,255,118,74,255,26,54,255,113,48,255
ray14.pgm,50,117,4,255,47,95,255,58,91,255,36,107,255,43,76,255,63,86,255,9,94,128,94,91,128,120,63,128,44,87,128,120,90,255,31,14,255,31,30,255,103,92,255,87,10,255,39,12,255,117,22,255,117,32,255,87,89,255,111,5,255,118,57,128,33,36,128,23,111,128,56,12,255,42,101,255,12,107,255,39,94,255,122,83,128,52,90,255,39,55,255,30,103,255,7,102,255,106,6,255,101,7,255,79,11,255,77,88,255,28,110,255,18,110,255,35,41,255,29,24,255,117,46,255,37,47,255,41,60,255,43,67,255,121,73,255,117,10,255,5,97,255,61,12,128,70,12,128,36,98,255
ray15.pgm,54,46,90,255,106,93,255,107,98,128,81,117,255,93,127,255,114,109,255,32,79,255,112,32,255,72,7,255,45,98,255,17,32,255,97,81,255,119,46,128,85,95,128,17,56,255,107,114,255,62,110,255,89,21,255,74,107,255,12,40,255,12,46,255,112,100,255,49,18,255,102,74,255,62,7,255,72,122,255,89,87,255,39,86,255,26,28,255,100,26,255,31,26,255,100,126,255,84,127,255,100,120,255,78,125,255,94,121,128,57,11,255,79,100,128,38,24,128,113,114,128,106,69,255,23,65,255,109,64,255,20,60,255,112,59,255,116,53,255,77,112,255,65,115,255,110,119,255,27,72,255,106,123,255,84,18,255,93,84,255,80,15,255
ray16.pgm,55,85,90,255,58,101,255,32,121,128,47,98,255,50,117,255,84,19,255,49,17,255,17,108,255,38,127,255,14,39,255,39,22,128,93,85,255,59,7,255,19,32,255,86,98,255,22,106,128,24,114,255,69,110,255,111,30,255,57,107,255,12,44,255,119,46,255,114,56,255,19,100,255,26,28,255,99,79,255,69,7,255,31,26,255,91,23,255,97,25,255,105,28,255,44,120,255,39,121,255,53,125,255,31,126,255,46,127,255,119,40,255,74,11,255,52,100,128,18,114,128,116,35,255,54,112,255,66,115,255,19,59,255,104,72,255,26,70,255,108,65,255,22,64,255,111,60,255,15,53,255,31,77,255,24,122,255,59,122,255,38,84,255,44,20,255
ray17.pgm,46,53,88,255,77,80,255,53,13,255,12,46,255,119,45,128,54,82,128,38,21,255,61,95,255,12,39,255,117,55,255,62,102,255,62,107,255,93,23,128,71,92,255,77,9,255,26,63,255,81,14,255,110,35,255,69,105,128,66,119,255,31,25,255,98,25,255,45,17,255,65,4,255,45,78,255,41,75,255,73,6,255,109,63,255,106,31,255,22,58,255,83,79,255,61,114,255,69,110,255,69,100,128,16,53,255,89,76,255,59,8,255,86,18,255,26,28,255,102,28,255,20,32,255,105,66,255,32,68,255,100,69,255,37,72,255,96,72,255
ray18.pgm,46,54,80,255,62,114,128,47,17,255,58,90,255,98,24,255,72,119,255,14,55,255,60,4,255,78,13,128,69,97,128,113,55,255,22,63,255,54,9,255,21,35,255,117,37,255,62,103,255,69,104,128,61,98,128,62,109,128,117,50,255,65,119,255,91,19,255,86,78,255,86,17,255,66,4,255,25,31,255,15,41,255,109,59,255,34,71,255,48,79,255,37,23,255,70,113,255,119,43,255,18,59,255,12,50,128,73,91,255,26,66,255,99,68,255,70,125,255,94,72,255,40,75,255,90,75,255,111,32,255,105,28,255,29,28,255,73,9,255
ray20.pgm,62,89,93,255,28,135,255,18,88,255,70,3,128,51,99,255,90,101,255,77,104,255,17,50,255,36,134,128,39,84,255,65,7,255,26,122,255,29,31,255,22,111,128,29,87,128,26,77,255,122,43,255,73,113,255,41,132,255,35,122,255,94,20,255,55,14,255,100,85,255,30,82,255,52,129,255,57,128,255,47,123,255,55,102,255,29,100,255,28,114,255,61,110,255,19,44,255,24,103,255,122,50,255,31,119,255,119,38,255,104,80,255,35,79,255,22,39,255,107,76,255,32,75,255,110,71,255,29,70,255,70,118,255,26,65,255,114,64,255,23,61,255,117,60,255,20,56,255,103,26,255,46,89,255,37,27,255,42,24,255,98,23,255,111,31,255,30,125,255,87,15,255,61,10,255,82,12,255,46,21,255,66,122,255,77,9,255
turtle01.pgm,37,82,72,128,27,10,255,4,13,255,26,28,255,4,5,255,21,24,255,82,12,255,86,75,255,47,6,128,39,8,128,52,4,128,92,22,255,96,25,255,100,29,255,31,39,128,85,65,128,98,69,128,24,49,255,103,33,255,19,4,255,35,55,255,12,18,255,23,7,255,76,10,255,32,8,255,69,7,255,50,55,255,57,57,255,65,59,255,73,60,255,80,61,255,93,74,255,105,60,255,106,41,255,107,46,255,13,3,128,16,21,255
turtle02.pgm,36,42,85,255,104,29,255,47,81,255,96,29,255,101,33,255,111,17,128,33,68,128,53,75,128,4,64,255,21,57,255,100,5,255,32,33,128,16,73,255,41,19,255,61,59,255,22,72,255,14,59,255,70,4,255,104,13,255,27,70,255,56,9,255,62,7,255,95,6,255,89,6,255,83,4,255,27,46,255,29,40,255,108,25,255,41,78,255,10,72,128,36,27,255,91,33,255,86,38,255,49,13,255,45,16,255,98,10,255
turtle04.pgm,37,118,39,255,24,67,255,28,61,255,120,57,128,109,69,128,29,25,255,99,51,255,12,42,255,41,18,255,38,52,255,14,24,255,54,8,255,4,29,255,37,66,255,76,54,255,114,27,128,63,55,255,19,23,255,106,14,255,111,20,255,4,35,255,49,11,255,34,22,255,8,39,255,102,11,255,103,55,255,117,65,255,96,7,255,59,6,255,17,44,255,44,52,255,92,53,255,50,54,255,82,54,255,117,34,255,67,4,128,115,52,255
turtle05.pgm,44,3,49,255,72,109,255,20,35,255,16,57,255,104,99,255,94,92,255,37,20,128,16,3,128,57,75,255,11,47,255,23,8,255,28,47,255,109,80,255,87,110,255,99,98,255,97,34,255,101,37,255,7,54,255,35,57,255,111,59,255,111,65,255,90,101,128,14,25,255,104,41,255,10,8,255,43,65,255,66,82,255,16,39,255,39,61,255,89,27,255,71,85,255,74,20,255,110,71,255,10,14,255,110,54,255,46,18,255,66,18,255,108,86,128,11,19,128,31,51,255,17,30,255,22,50,255,93,30,255,62,79,255
turtle07.pgm,37,55,80,255,103,32,255,54,66,255,97,43,255,108,33,255,108,42,128,3,57,128,62,6,255,36,30,255,48,81,255,44,68,255,64,61,255,20,69,255,29,41,255,56,75,128,12,67,128,10,52,128,111,15,128,85,4,128,25,71,128,40,22,255,6,63,255,105,12,255,107,24,255,56,10,255,89,44,255,72,4,255,35,68,255,16,52,255,94,5,255,46,73,255,44,19,255,50,13,255,101,9,255,78,52,255,71,56,255,82,49,255
turtle09.pgm,41,110,21,255,104,20,255,92,58,255,106,27,128,19,63,255,92,47,255,58,5,128,41,77,128,8,76,128,51,93,255,102,39,255,67,69,255,29,85,255,9,95,255,85,7,128,70,3,128,32,23,255,92,10,255,47,83,255,25,88,255,4,89,255,61,72,255,106,44,255,91,52,255,106,32,255,48,9,255,72,64,255,11,70,255,57,91,255,29,27,255,44,12,255,80,5,255,22,49,255,24,39,255,21,54,255,4,83,255,99,55,255,25,34,128,105,49,255,84,52,255,19,93,255
turtle10.pgm,37,132,56,128,102,55,255,24,41,255,29,56,255,115,58,255,121,39,128,20,23,255,41,61,255,88,52,255,108,22,255,43,68,255,73,5,255,56,8,255,119,52,255,74,54,255,89,8,255,111,62,128,14,23,255,121,59,128,65,7,128,104,60,255,100,12,255,22,54,255,81,53,128,69,54,128,20,48,255,47,12,255,18,36,255,30,27,255,95,52,255,37,23,255,117,32,255,127,58,255,94,9,255,63,53,255,11,35,128,105,18,255
turtle13.pgm,34,44,60,255,26,43,255,55,11,255,32,37,255,6,53,255,120,23,255,121,39,255,17,44,255,119,18,255,19,57,255,82,52,128,37,28,128,116,37,128,75,54,128,88,5,128,80,5,128,27,60,255,61,57,255,125,45,128,35,33,255,98,7,255,88,49,255,45,69,255,105,10,255,46,17,255,115,29,255,100,43,255,65,8,255,37,73,255,49,59,255,56,58,128,14,57,128,110,13,255,50,14,255
turtle16.pgm,30,86,55,255,76,46,128,25,60,255,103,19,255,14,36,255,19,38,128,27,51,255,102,14,255,92,50,255,26,38,255,36,57,255,101,29,255,106,28,255,69,4,255,94,44,128,57,47,255,7,24,255,116,25,255,45,9,255,19,13,255,66,46,255,110,22,255,38,11,255,44,47,255,64,4,255,92,7,255,79,4,128,53,5,128,12,28,255,97,10,255
turtle17.pgm,45,36,48,255,72,96,255,82,110,128,21,49,128,46,59,128,106,49,255,15,36,255,6,5,255,7,16,128,35,56,255,102,44,255,63,81,255,61,10,128,108,76,255,22,6,255,44,11,255,20,23,255,39,16,255,66,12,255,75,108,255,77,19,255,81,23,255,89,31,255,98,40,255,12,45,255,50,63,255,59,75,255,27,10,255,32,15,255,16,4,255,110,70,255,109,55,255,104,83,255,102,88,255,70,90,255,100,96,255,4,12,255,110,61,128,53,11,128,53,67,255,67,85,255,56,71,255,20,32,255,73,16,255,14,20,255
turtle18.pgm,41,48,69,255,52,88,255,50,38,255,131,30,255,123,50,255,117,48,255,130,42,255,128,55,128,43,47,128,141,50,128,98,58,128,37,47,128,54,81,255,129,37,255,28,53,255,127,23,255,137,59,255,55,29,255,62,68,255,30,68,255,43,69,255,75,13,255,35,69,128,100,7,128,50,74,255,112,11,255,64,84,255,135,44,255,120,16,255,24,56,255,108,54,255,92,8,255,80,11,255,106,9,255,87,9,255,58,88,255,75,67,255,53,34,255,61,73,255,63,78,255,64,20,255
turtle20.pgm,34,108,49,255,49,62,255,104,34,255,105,28,128,98,45,128,105,17,255,4,55,255,108,24,255,6,39,255,36,60,255,32,15,255,111,43,128,3,45,128,87,6,255,50,69,255,30,57,255,93,10,255,99,13,255,56,4,255,67,4,255,50,6,255,43,8,255,92,43,255,20,54,255,72,55,255,67,57,255,62,59,255,54,61,255,10,55,128,81,5,128,37,72,128,82,49,255,77,52,255,37,11,255
